Date,Time,Country,Competition,HomeTeam,AwayTeam,Match_Status,URL,Is_Knockout,Went_To_ET,Match_Winner_Final,FT_HomeScore,FT_AwayScore,HT_HomeScore,HT_AwayScore,SH_HomeScore,SH_AwayScore,ET_HomeScore,ET_AwayScore,Penalties_HomeScore,Penalties_AwayScore,FT_HomeOdds,FT_DrawOdds,FT_AwayOdds,1H_HomeOdds,1H_DrawOdds,1H_AwayOdds,SH_HomeOdds,SH_DrawOdds,SH_AwayOdds,OU05_Over,OU05_Under,OU15_Over,OU15_Under,OU25_Over,OU25_Under,OU35_Over,OU35_Under,OU45_Over,OU45_Under,OU55_Over,OU55_Under,BTTS_Yes,BTTS_No,BTTS_1H_Yes,BTTS_1H_No,BTTS_2H_Yes,BTTS_2H_No,DNB_Home,DNB_Away,DC_FT_1X,DC_FT_12,DC_FT_X2,DC_1H_1X,DC_1H_12,DC_1H_X2,DC_2H_1X,DC_2H_12,DC_2H_X2
27 Dec 2026,02:00,England,Premier League,Fulham,Brighton,Upcoming,https://www.oddsportal.com/football/h2h/brighton-2XrRecc3/fulham-69ZiU2Om/#KON04aHG,No,No,,,,,,,,,,,,1.8,3.7,4.33,2.38,2.25,4.75,2.1,2.5,4.0,1.05,11.0,1.29,3.75,1.88,1.98,3.2,1.36,6.0,1.13,13.0,1.04,1.8,1.95,4.5,1.18,3.4,1.3,1.33,3.25,1.2,1.29,1.95,1.17,1.57,1.53,1.21,1.46,1.62
25 Jan 2026,02:00,England,Premier League 2025/2026,Burnley,Tottenham,Upcoming,https://www.oddsportal.com/football/h2h/burnley-z3dmTMMO/tottenham-UDg08Ohm/#CCaRKK1c,No,No,,,,,,,,,,,,1.55,3.9,6.25,2.1,2.3,6.0,1.91,2.6,5.0,1.05,11.0,1.29,3.75,1.93,1.93,3.4,1.33,6.0,1.13,13.0,1.04,1.95,1.8,5.0,1.17,3.75,1.25,1.18,4.5,1.13,1.25,2.38,1.11,1.57,1.67,1.15,1.44,1.79
18 Oct 2026,01:00,England,Premier League,Newcastle,Aston Villa,Upcoming,https://www.oddsportal.com/football/h2h/aston-villa-W00wmLO0/newcastle-utd-p6ahwuwJ/#CbKh6Ln4,No,No,,,,,,,,,,,,2.45,3.4,2.8,3.0,2.25,3.4,2.63,2.5,2.88,1.04,12.0,1.25,4.0,1.83,2.03,3.0,1.4,5.5,1.14,11.0,1.05,1.67,2.1,4.33,1.2,3.0,1.36,1.73,2.0,1.4,1.3,1.53,1.3,1.57,1.36,1.34,1.47,1.43
20 Sep 2026,23:00,England,Premier League,Bournemouth,Liverpool,Upcoming,https://www.oddsportal.com/football/h2h/bournemouth-OtpNdwrc/liverpool-lId4TMwf/#jqWq8sIi,No,No,,,,,,,,,,,,1.29,6.25,9.0,1.67,2.88,7.0,1.57,3.25,6.0,1.01,26.0,1.11,6.5,1.36,3.2,1.91,1.91,3.2,1.36,5.5,1.14,1.67,2.1,3.75,1.25,2.75,1.4,1.1,7.0,1.07,1.13,3.5,1.08,1.4,2.1,1.11,1.29,2.23
24 Jan 2026,23:30,England,Premier League 2025/2026,West Ham,Sunderland,Upcoming,https://www.oddsportal.com/football/h2h/sunderland-WSzc94ws/west-ham-Cxq57r8g/#d4HvcH9j,No,No,,,,,,,,,,,,3.4,3.2,2.25,3.75,2.1,2.88,3.25,2.38,2.6,1.07,9.0,1.33,3.4,2.1,1.73,3.75,1.29,7.0,1.1,15.0,1.03,1.8,1.95,5.0,1.17,3.5,1.29,2.25,1.57,1.62,1.36,1.3,1.4,1.67,1.25,1.45,1.52,1.28
25 Jan 2026,02:00,England,Premier League 2025/2026,Manchester City,Wolves,Upcoming,https://www.oddsportal.com/football/h2h/manchester-city-Wtn9Stg0/wolves-j3Azpf5d/#Kx3ZIbW9,No,No,,,,,,,,,,,,6.25,4.2,1.53,6.0,2.38,2.05,5.0,2.63,1.83,1.04,13.0,1.25,4.0,1.8,2.0,3.0,1.4,5.5,1.14,11.0,1.05,1.91,1.91,4.5,1.18,3.5,1.29,4.33,1.2,2.38,1.22,1.13,1.73,1.53,1.11,1.83,1.42,1.15
3 Jan 2027,02:00,England,Premier League,Leeds,Everton,Upcoming,https://www.oddsportal.com/football/h2h/everton-KluSTr9s/leeds-tUxUbLR2/#ngWM9fgd,No,No,,,,,,,,,,,,2.35,3.25,3.1,3.0,2.05,3.75,2.63,2.3,3.2,1.07,9.0,1.36,3.2,2.2,1.67,4.0,1.25,8.0,1.08,17.0,1.03,1.91,1.91,5.0,1.17,3.75,1.25,1.62,2.2,1.36,1.33,1.57,1.25,1.73,1.36,1.3,1.52,1.43
3 Dec 2026,07:00,England,Premier League,Chelsea,Crystal Palace,Upcoming,https://www.oddsportal.com/football/h2h/chelsea-4fGZN2oK/crystal-palace-AovF1Mia/#thirHx1M,No,No,,,,,,,,,,,,1.8,3.75,4.33,2.4,2.3,4.33,2.2,2.6,3.75,1.04,13.0,1.22,4.33,1.73,2.1,2.75,1.44,5.0,1.17,11.0,1.05,1.7,2.05,4.33,1.2,3.25,1.33,1.36,3.0,1.2,1.25,1.95,1.2,1.57,1.53,1.23,1.43,1.61
1 Nov 2026,02:00,England,Premier League,Brentford,Nottingham,Upcoming,https://www.oddsportal.com/football/h2h/brentford-xYe7DwID/nottingham-UsushcZr/#0YV82wnT,No,No,,,,,,,,,,,,1.9,3.5,4.2,2.5,2.2,4.5,2.2,2.4,4.0,1.06,10.0,1.3,3.5,1.98,1.88,3.4,1.33,6.5,1.11,13.0,1.04,1.8,1.95,5.0,1.17,3.5,1.29,1.36,3.0,1.22,1.29,1.91,1.17,1.62,1.5,1.23,1.47,1.58
20 Dec 2026,02:00,England,Premier League,Arsenal,Manchester Utd,Upcoming,https://www.oddsportal.com/football/h2h/arsenal-hA1Zm19f/manchester-united-ppjDR086/#jRxEBGOq,No,No,,,,,,,,,,,,3.8,3.7,1.91,4.0,2.38,2.5,3.5,2.6,2.25,1.04,13.0,1.22,4.33,1.73,2.1,2.75,1.44,5.0,1.17,10.0,1.06,1.62,2.2,4.0,1.22,3.0,1.36,2.63,1.44,1.83,1.29,1.25,1.5,1.53,1.22,1.57,1.42,1.27
1 Feb 2026,04:30,England,Premier League 2025/2026,Chelsea,West Ham,Upcoming,https://www.oddsportal.com/football/h2h/chelsea-4fGZN2oK/west-ham-Cxq57r8g/#M3ERqSzQ,No,No,,,,,,,,,,,,4.5,3.8,1.75,4.75,2.3,2.3,4.0,2.6,2.05,1.04,13.0,1.25,4.0,1.8,2.0,3.0,1.4,5.5,1.14,11.0,1.05,1.7,2.05,4.33,1.2,3.25,1.33,3.25,1.33,2.0,1.25,1.18,1.57,1.57,1.17,1.7,1.42,1.2
3 Jan 2027,02:00,England,Premier League,Manchester City,Tottenham,Upcoming,https://www.oddsportal.com/football/h2h/manchester-city-Wtn9Stg0/tottenham-UDg08Ohm/#YsYWNpE6,No,No,,,,,,,,,,,,1.55,4.33,5.25,2.0,2.6,5.0,1.83,2.88,4.5,1.01,19.0,1.13,5.0,1.5,2.63,2.25,1.57,4.0,1.22,7.0,1.07,1.57,2.25,3.75,1.25,2.75,1.4,1.22,4.0,1.17,1.2,2.38,1.14,1.5,1.73,1.18,1.36,1.86
11 Oct 2026,01:00,England,Premier League,Aston Villa,Brentford,Upcoming,https://www.oddsportal.com/football/h2h/aston-villa-W00wmLO0/brentford-xYe7DwID/#00ScB7U0,No,No,,,,,,,,,,,,3.4,3.5,2.1,3.75,2.2,2.75,3.4,2.5,2.4,1.05,11.0,1.29,3.75,1.88,1.98,3.2,1.36,6.0,1.13,13.0,1.04,1.7,2.05,4.33,1.2,3.25,1.33,2.38,1.53,1.7,1.29,1.3,1.4,1.62,1.25,1.48,1.47,1.29
3 Feb 2026,07:00,England,Premier League 2025/2026,Sunderland,Burnley,Upcoming,https://www.oddsportal.com/football/h2h/burnley-z3dmTMMO/sunderland-WSzc94ws/#8QV59oaD,No,No,,,,,,,,,,,,2.35,3.2,3.2,3.0,2.0,4.0,2.63,2.25,3.4,1.08,8.0,1.44,2.75,2.3,1.62,4.33,1.22,9.0,1.07,19.0,1.02,1.95,1.8,5.5,1.14,4.0,1.22,1.62,2.2,1.36,1.36,1.57,1.22,1.73,1.36,1.29,1.55,1.41
1 Feb 2026,02:00,England,Premier League 2025/2026,Wolves,Bournemouth,Upcoming,https://www.oddsportal.com/football/h2h/bournemouth-OtpNdwrc/wolves-j3Azpf5d/#vovkDTal,No,No,,,,,,,,,,,,1.8,3.7,4.33,2.38,2.25,4.75,2.1,2.5,4.0,1.05,11.0,1.29,3.75,1.88,1.98,3.2,1.36,6.0,1.13,13.0,1.04,1.8,1.95,4.5,1.18,3.4,1.3,1.33,3.25,1.2,1.29,1.95,1.17,1.57,1.53,1.21,1.45,1.63
11 Oct 2026,01:00,England,Premier League,Arsenal,Leeds,Upcoming,https://www.oddsportal.com/football/h2h/arsenal-hA1Zm19f/leeds-tUxUbLR2/#zFCHVyGF,No,No,,,,,,,,,,,,1.33,5.5,8.5,1.8,2.6,7.5,1.62,2.88,6.5,1.03,15.0,1.2,4.5,1.62,2.3,2.63,1.5,4.5,1.2,9.0,1.07,1.95,1.8,5.0,1.17,3.5,1.29,1.1,7.0,1.08,1.14,3.25,1.07,1.5,1.91,1.1,1.36,2.11
11 Oct 2026,01:00,England,Premier League,Crystal Palace,Nottingham,Upcoming,https://www.oddsportal.com/football/h2h/crystal-palace-AovF1Mia/nottingham-UsushcZr/#OYDhXliK,No,No,,,,,,,,,,,,2.35,3.25,3.1,3.1,2.1,3.6,2.75,2.3,3.2,1.07,8.5,1.36,3.2,2.1,1.73,4.0,1.25,8.0,1.08,17.0,1.03,1.91,1.91,5.0,1.17,3.5,1.29,1.67,2.1,1.33,1.3,1.54,1.25,1.63,1.33,1.31,1.53,1.4
13 Dec 2026,02:00,England,Premier League,Brighton,Everton,Upcoming,https://www.oddsportal.com/football/h2h/brighton-2XrRecc3/everton-KluSTr9s/#K4aORSEs,No,No,,,,,,,,,,,,2.88,3.3,2.45,3.4,2.2,3.0,3.0,2.5,2.75,1.05,11.0,1.29,3.75,1.93,1.93,3.2,1.36,6.0,1.13,13.0,1.04,1.7,2.05,4.33,1.2,3.25,1.33,2.0,1.73,1.5,1.3,1.37,1.33,1.58,1.27,1.41,1.48,1.34
24 Aug 2026,01:30,England,Premier League,Newcastle,Liverpool,Upcoming,https://www.oddsportal.com/football/h2h/liverpool-lId4TMwf/newcastle-utd-p6ahwuwJ/#fcMuMOrJ,No,No,,,,,,,,,,,,2.9,3.6,2.3,3.25,2.4,2.75,2.88,2.63,2.5,1.03,15.0,1.17,5.0,1.57,2.38,2.38,1.57,4.33,1.22,8.0,1.08,1.5,2.5,3.5,1.29,2.63,1.44,2.1,1.67,1.57,1.29,1.4,1.4,1.53,1.33,1.46,1.41,1.36
21 Sep 2026,01:30,England,Premier League,Fulham,Manchester Utd,Upcoming,https://www.oddsportal.com/football/h2h/fulham-69ZiU2Om/manchester-united-ppjDR086/#QHUOP6qf,No,No,,,,,,,,,,,,3.4,3.6,2.05,3.75,2.3,2.63,3.4,2.5,2.38,1.04,13.0,1.22,4.33,1.73,2.1,2.75,1.44,5.0,1.17,11.0,1.05,1.67,2.1,4.0,1.22,3.0,1.36,2.5,1.5,1.73,1.29,1.3,1.44,1.57,1.25,1.51,1.47,1.27
8 Jan 2026,06:30,England,Premier League 2025/2026,Everton,Wolves,Upcoming,https://www.oddsportal.com/football/h2h/everton-KluSTr9s/wolves-j3Azpf5d/#69gE5rcn,No,No,,,,,,,,,,,,3.4,3.2,2.25,4.0,1.95,3.0,3.6,2.2,2.63,1.1,7.0,1.5,2.63,2.5,1.53,5.0,1.17,11.0,1.05,23.0,1.01,2.1,1.67,6.0,1.13,4.33,1.2,2.25,1.57,1.62,1.36,1.3,1.36,1.8,1.22,1.42,1.58,1.26
25 Aug 2026,05:00,England,Premier League,Fulham,Chelsea,Upcoming,https://www.oddsportal.com/football/h2h/chelsea-4fGZN2oK/fulham-69ZiU2Om/#80nFzOcC,No,No,,,,,,,,,,,,1.67,3.9,4.75,2.25,2.3,5.0,2.0,2.6,4.5,1.04,12.0,1.25,4.0,1.85,2.0,3.2,1.36,5.5,1.14,13.0,1.04,1.8,1.95,4.5,1.18,3.4,1.3,1.29,3.5,1.18,1.25,2.15,1.14,1.57,1.57,1.18,1.43,1.72
8 Jan 2026,07:15,England,Premier League 2025/2026,Burnley,Manchester Utd,Upcoming,https://www.oddsportal.com/football/h2h/burnley-z3dmTMMO/manchester-united-ppjDR086/#6eEuiqrg,No,No,,,,,,,,,,,,1.4,5.25,7.0,1.83,2.6,6.5,1.67,2.88,6.0,1.03,15.0,1.2,4.5,1.57,2.38,2.5,1.53,4.33,1.22,8.0,1.08,1.8,1.95,4.33,1.2,3.4,1.3,1.14,5.5,1.1,1.17,2.75,1.1,1.5,1.83,1.11,1.34,2.09
6 Sep 2026,00:00,England,Premier League,Brentford,Sunderland,Upcoming,https://www.oddsportal.com/football/h2h/brentford-xYe7DwID/sunderland-WSzc94ws/#zy6dm1sI,No,No,,,,,,,,,,,,3.1,3.3,2.3,3.75,2.1,3.0,3.2,2.38,2.63,1.07,9.0,1.33,3.4,2.1,1.73,3.75,1.29,7.0,1.1,15.0,1.03,1.8,1.95,5.0,1.17,3.5,1.29,2.2,1.62,1.57,1.33,1.36,1.36,1.67,1.25,1.42,1.51,1.31
27 Dec 2026,02:00,England,Premier League,Tottenham,Bournemouth,Upcoming,https://www.oddsportal.com/football/h2h/bournemouth-OtpNdwrc/tottenham-UDg08Ohm/#W2a5ouCU,No,No,,,,,,,,,,,,1.91,3.75,3.75,2.5,2.38,4.0,2.2,2.63,3.6,1.04,13.0,1.2,4.5,1.67,2.2,2.63,1.5,4.5,1.2,9.0,1.07,1.62,2.2,4.0,1.22,3.0,1.36,1.4,2.75,1.25,1.25,1.83,1.22,1.53,1.5,1.26,1.42,1.59
15 Sep 2026,05:00,England,Premier League,Leeds,Newcastle,Upcoming,https://www.oddsportal.com/football/h2h/leeds-tUxUbLR2/newcastle-utd-p6ahwuwJ/#GQkNY1SO,No,No,,,,,,,,,,,,3.9,3.4,2.0,4.33,2.1,2.63,3.75,2.38,2.38,1.07,9.0,1.36,3.2,2.1,1.73,4.0,1.25,8.0,1.08,17.0,1.03,1.91,1.91,5.0,1.17,3.75,1.25,2.63,1.44,1.73,1.33,1.25,1.4,1.67,1.2,1.52,1.5,1.24
7 Jan 2026,07:00,England,Premier League 2025/2026,West Ham,Nottingham,Upcoming,https://www.oddsportal.com/football/h2h/nottingham-UsushcZr/west-ham-Cxq57r8g/#2N7lkNC5,No,No,,,,,,,,,,,,1.62,4.0,5.0,2.2,2.38,5.0,1.95,2.63,4.33,1.04,13.0,1.22,4.33,1.68,2.05,2.75,1.44,5.0,1.17,10.0,1.06,1.67,2.05,4.33,1.2,3.25,1.33,1.25,3.75,1.17,1.22,2.2,1.14,1.53,1.62,1.19,1.4,1.75
1 Nov 2026,02:00,England,Premier League,Liverpool,Arsenal,Upcoming,https://www.oddsportal.com/football/h2h/arsenal-hA1Zm19f/liverpool-lId4TMwf/#KvGXh5Dt,No,No,,,,,,,,,,,,2.38,3.4,3.0,2.88,2.3,3.4,2.6,2.5,3.0,1.05,11.0,1.22,4.33,1.73,2.1,2.75,1.44,5.0,1.17,10.0,1.06,1.62,2.2,4.0,1.22,3.0,1.36,1.67,2.1,1.36,1.3,1.53,1.3,1.57,1.4,1.35,1.46,1.43
1 Nov 2026,02:00,England,Premier League,Manchester City,Brighton,Upcoming,https://www.oddsportal.com/football/h2h/brighton-2XrRecc3/manchester-city-Wtn9Stg0/#CYh6xpTa,No,No,,,,,,,,,,,,3.6,3.6,2.0,3.6,2.4,2.6,3.25,2.63,2.3,1.03,15.0,1.17,5.0,1.53,2.32,2.38,1.57,4.33,1.22,8.0,1.08,1.47,2.5,3.75,1.25,2.63,1.44,2.63,1.44,1.8,1.29,1.29,1.5,1.53,1.29,1.53,1.41,1.31
19 Jan 2026,01:00,England,Premier League 2025/2026,Wolves,Newcastle,Upcoming,https://www.oddsportal.com/football/h2h/newcastle-utd-p6ahwuwJ/wolves-j3Azpf5d/#z9snf9f2,No,No,,,,,,,,,,,,1.36,5.0,8.5,1.8,2.5,7.5,1.67,2.88,6.5,1.03,15.0,1.2,4.5,1.67,2.2,2.63,1.5,4.5,1.2,9.0,1.07,2.0,1.75,5.0,1.17,3.75,1.25,1.11,6.5,1.08,1.17,3.0,1.07,1.5,1.91,1.1,1.36,2.08
6 Dec 2026,02:00,England,Premier League,Aston Villa,Crystal Palace,Upcoming,https://www.oddsportal.com/football/h2h/aston-villa-W00wmLO0/crystal-palace-AovF1Mia/#vLfbv6bm,No,No,,,,,,,,,,,,2.15,3.6,3.2,2.75,2.3,3.6,2.4,2.5,3.4,1.04,13.0,1.25,4.0,1.8,2.0,3.0,1.4,5.5,1.14,11.0,1.05,1.67,2.1,4.0,1.22,3.0,1.36,1.57,2.25,1.33,1.29,1.7,1.29,1.57,1.4,1.28,1.44,1.52
18 Oct 2026,01:00,England,Premier League,Nottingham,Arsenal,Upcoming,https://www.oddsportal.com/football/h2h/arsenal-hA1Zm19f/nottingham-UsushcZr/#SOsN3MRb,No,No,,,,,,,,,,,,1.4,4.75,7.5,1.91,2.5,6.5,1.73,2.75,5.5,1.03,15.0,1.2,4.5,1.67,2.2,2.63,1.5,4.5,1.2,9.0,1.07,1.8,1.95,4.5,1.18,3.4,1.3,1.14,5.5,1.1,1.18,2.75,1.1,1.5,1.8,1.13,1.37,1.97
20 Dec 2026,02:00,England,Premier League,Sunderland,Crystal Palace,Upcoming,https://www.oddsportal.com/football/h2h/crystal-palace-AovF1Mia/sunderland-WSzc94ws/#tn6j5Z23,No,No,,,,,,,,,,,,1.67,3.6,5.5,2.3,2.1,6.0,2.05,2.38,5.0,1.07,9.0,1.4,3.0,2.2,1.67,4.0,1.25,8.0,1.08,19.0,1.02,2.1,1.67,6.0,1.13,4.33,1.2,1.25,3.75,1.14,1.29,2.15,1.11,1.67,1.57,1.16,1.5,1.68
20 Dec 2026,02:00,England,Premier League,Leeds,Fulham,Upcoming,https://www.oddsportal.com/football/h2h/fulham-69ZiU2Om/leeds-tUxUbLR2/#ARc71i2S,No,No,,,,,,,,,,,,2.0,3.4,3.75,2.63,2.1,4.33,2.38,2.38,3.75,1.07,9.0,1.36,3.2,2.2,1.67,4.0,1.25,8.0,1.08,17.0,1.03,1.91,1.91,5.0,1.17,3.5,1.29,1.44,2.63,1.25,1.3,1.8,1.2,1.67,1.44,1.25,1.51,1.5
3 Dec 2026,07:00,England,Premier League,Aston Villa,Everton,Upcoming,https://www.oddsportal.com/football/h2h/aston-villa-W00wmLO0/everton-KluSTr9s/#lC9b3DXF,No,No,,,,,,,,,,,,2.7,3.1,2.8,3.25,2.1,3.4,2.88,2.3,3.0,1.08,8.0,1.36,3.2,2.2,1.67,4.0,1.25,8.0,1.08,17.0,1.03,1.8,1.95,5.0,1.17,3.5,1.29,1.83,1.83,1.4,1.36,1.44,1.3,1.67,1.33,1.34,1.53,1.37
18 Jan 2026,02:00,England,Premier League 2025/2026,Tottenham,West Ham,Upcoming,https://www.oddsportal.com/football/h2h/tottenham-UDg08Ohm/west-ham-Cxq57r8g/#S2UXHCn9,No,No,,,,,,,,,,,,3.1,3.5,2.2,3.6,2.3,2.75,3.1,2.5,2.5,1.04,13.0,1.22,4.33,1.73,2.1,2.75,1.44,5.0,1.17,11.0,1.05,1.62,2.2,4.0,1.22,3.0,1.36,2.25,1.57,1.67,1.29,1.36,1.4,1.57,1.29,1.48,1.45,1.31
3 Dec 2026,07:00,England,Premier League,Bournemouth,Brighton,Upcoming,https://www.oddsportal.com/football/h2h/bournemouth-OtpNdwrc/brighton-2XrRecc3/#zkoV10dB,No,No,,,,,,,,,,,,2.35,3.5,2.9,2.88,2.38,3.25,2.6,2.63,2.88,1.03,15.0,1.2,4.5,1.62,2.3,2.5,1.53,4.5,1.2,9.0,1.07,1.53,2.38,3.75,1.25,2.75,1.4,1.67,2.1,1.4,1.29,1.57,1.33,1.53,1.4,1.37,1.42,1.43
19 Sep 2026,05:00,England,Premier League,Brentford,Chelsea,Upcoming,https://www.oddsportal.com/football/h2h/brentford-xYe7DwID/chelsea-4fGZN2oK/#Uk33qhtp,No,No,,,,,,,,,,,,4.2,3.75,1.83,4.5,2.3,2.38,4.0,2.5,2.1,1.05,11.0,1.25,4.0,1.83,2.03,3.0,1.4,5.5,1.14,11.0,1.05,1.75,2.0,4.33,1.2,3.25,1.33,3.0,1.36,1.91,1.25,1.22,1.53,1.57,1.17,1.62,1.45,1.22
18 Jan 2026,02:00,England,Premier League 2025/2026,Liverpool,Burnley,Upcoming,https://www.oddsportal.com/football/h2h/burnley-z3dmTMMO/liverpool-lId4TMwf/#231BsWAd,No,No,,,,,,,,,,,,9.0,5.75,1.3,7.5,2.75,1.73,6.0,3.0,1.62,1.02,19.0,1.17,5.0,1.53,2.5,2.3,1.62,4.0,1.25,7.0,1.1,1.8,1.95,4.33,1.2,3.4,1.3,7.0,1.1,3.4,1.14,1.07,2.0,1.4,1.07,2.16,1.32,1.11
19 Apr 2026,00:00,England,Premier League 2025/2026,Leeds,Wolves,Upcoming,https://www.oddsportal.com/football/h2h/leeds-tUxUbLR2/wolves-j3Azpf5d/#hn9fRysK,No,No,,,,,,,,,,,,3.1,3.1,2.45,3.75,2.05,3.2,3.2,2.25,2.75,1.08,8.0,1.4,3.0,2.3,1.62,4.33,1.22,9.0,1.07,19.0,1.02,1.95,1.8,5.5,1.14,3.75,1.25,2.1,1.67,1.53,1.36,1.36,1.36,1.73,1.25,1.39,1.56,1.31
14 Sep 2026,01:30,England,Premier League,Manchester Utd,Manchester City,Upcoming,https://www.oddsportal.com/football/h2h/manchester-city-Wtn9Stg0/manchester-united-ppjDR086/#tAlwdVPk,No,No,,,,,,,,,,,,1.62,4.2,4.75,2.1,2.5,4.75,1.91,2.75,4.33,1.03,17.0,1.17,5.0,1.53,2.5,2.3,1.62,4.0,1.25,7.0,1.1,1.57,2.25,3.75,1.25,2.75,1.4,1.25,3.75,1.18,1.22,2.25,1.17,1.5,1.67,1.2,1.38,1.75
29 Nov 2026,02:00,England,Premier League,Everton,Liverpool,Upcoming,https://www.oddsportal.com/football/h2h/everton-KluSTr9s/liverpool-lId4TMwf/#vqqLCxSQ,No,No,,,,,,,,,,,,1.5,4.33,6.25,2.0,2.38,6.0,1.83,2.63,5.0,1.04,13.0,1.22,4.33,1.73,2.1,2.75,1.44,5.0,1.17,11.0,1.05,1.8,1.95,4.5,1.18,3.5,1.29,1.18,4.5,1.13,1.2,2.5,1.11,1.53,1.73,1.15,1.4,1.85
21 Apr 2026,05:00,England,Premier League 2025/2026,Crystal Palace,West Ham,Upcoming,https://www.oddsportal.com/football/h2h/crystal-palace-AovF1Mia/west-ham-Cxq57r8g/#QuH83YlD,No,No,,,,,,,,,,,,3.1,3.5,2.25,3.5,2.25,2.88,3.1,2.5,2.5,1.04,12.0,1.25,4.0,1.8,2.0,3.0,1.4,5.5,1.14,11.0,1.05,1.62,2.2,4.0,1.22,3.0,1.36,2.2,1.62,1.62,1.29,1.36,1.4,1.57,1.29,1.44,1.45,1.34
19 Apr 2026,23:00,England,Premier League 2025/2026,Nottingham,Burnley,Upcoming,https://www.oddsportal.com/football/h2h/burnley-z3dmTMMO/nottingham-UsushcZr/#lfGS6nv8,No,No,,,,,,,,,,,,3.5,3.3,2.15,4.0,2.1,2.75,3.5,2.38,2.5,1.07,9.0,1.36,3.2,2.1,1.73,4.0,1.25,8.0,1.08,17.0,1.03,1.91,1.91,5.0,1.17,3.5,1.29,2.38,1.53,1.67,1.33,1.29,1.4,1.67,1.22,1.44,1.52,1.29
1 Nov 2026,02:00,England,Premier League,Chelsea,Manchester Utd,Upcoming,https://www.oddsportal.com/football/h2h/chelsea-4fGZN2oK/manchester-united-ppjDR086/#bTPi7Gkl,No,No,,,,,,,,,,,,2.55,3.75,2.5,3.1,2.4,3.0,2.75,2.63,2.63,1.03,15.0,1.17,5.0,1.57,2.38,2.38,1.57,4.33,1.22,8.0,1.08,1.5,2.5,3.5,1.29,2.63,1.44,1.83,1.83,1.5,1.25,1.5,1.36,1.53,1.36,1.42,1.41,1.4
13 Dec 2026,02:00,England,Premier League,Fulham,Brentford,Upcoming,https://www.oddsportal.com/football/h2h/brentford-xYe7DwID/fulham-69ZiU2Om/#6VpDEbcE,No,No,,,,,,,,,,,,2.1,3.25,3.6,2.75,2.1,4.0,2.5,2.38,3.4,1.07,9.0,1.33,3.4,2.1,1.73,3.75,1.29,7.0,1.1,15.0,1.03,1.8,1.95,5.0,1.17,3.5,1.29,1.5,2.5,1.29,1.33,1.7,1.22,1.67,1.4,1.27,1.5,1.48
31 Dec 2026,07:00,England,Premier League,Tottenham,Brighton,Upcoming,https://www.oddsportal.com/football/h2h/brighton-2XrRecc3/tottenham-UDg08Ohm/#GS2L889e,No,No,,,,,,,,,,,,2.1,3.6,3.3,2.63,2.3,3.75,2.38,2.6,3.25,1.04,13.0,1.22,4.33,1.67,2.2,2.75,1.44,5.0,1.17,10.0,1.06,1.57,2.25,4.0,1.22,2.75,1.4,1.53,2.38,1.33,1.29,1.7,1.25,1.57,1.44,1.31,1.44,1.49
22 Nov 2026,02:00,England,Premier League,Aston Villa,Sunderland,Upcoming,https://www.oddsportal.com/football/h2h/aston-villa-W00wmLO0/sunderland-WSzc94ws/#4QSa5fK0,No,No,,,,,,,,,,,,3.8,3.3,2.0,4.33,2.1,2.63,3.75,2.4,2.38,1.07,9.0,1.33,3.4,2.0,1.8,3.75,1.29,7.0,1.1,15.0,1.03,1.8,1.95,5.0,1.17,3.5,1.29,2.63,1.44,1.8,1.33,1.25,1.44,1.67,1.2,1.54,1.49,1.25
5 Sep 2026,21:30,England,Premier League,Newcastle,Bournemouth,Upcoming,https://www.oddsportal.com/football/h2h/bournemouth-OtpNdwrc/newcastle-utd-p6ahwuwJ/#fDECAUvq,No,No,,,,,,,,,,,,2.5,3.2,2.9,3.0,2.2,3.4,2.75,2.5,2.88,1.05,11.0,1.25,4.0,1.88,1.98,3.2,1.36,6.0,1.13,11.0,1.05,1.67,2.1,4.33,1.2,3.0,1.36,1.73,2.0,1.4,1.36,1.5,1.3,1.62,1.36,1.35,1.47,1.42
8 Nov 2026,02:00,England,Premier League,Crystal Palace,Liverpool,Upcoming,https://www.oddsportal.com/football/h2h/crystal-palace-AovF1Mia/liverpool-lId4TMwf/#CC7rGBYI,No,No,,,,,,,,,,,,4.2,3.6,1.85,4.33,2.3,2.4,3.75,2.6,2.1,1.04,13.0,1.22,4.33,1.73,2.1,2.75,1.44,5.0,1.17,10.0,1.06,1.67,2.1,4.0,1.22,3.0,1.36,3.0,1.36,1.91,1.29,1.22,1.53,1.57,1.2,1.6,1.43,1.24
17 Aug 2026,00:00,England,FA Community Shield,Arsenal,Manchester City,Upcoming,https://www.oddsportal.com/football/h2h/arsenal-hA1Zm19f/manchester-city-Wtn9Stg0/#OUNtGjHL,No,No,,,,,,,,,,,,2.0,3.6,3.6,2.6,2.3,4.0,2.3,2.6,3.4,1.05,11.0,1.25,4.0,1.8,2.0,3.0,1.4,5.5,1.14,11.0,1.05,1.62,2.2,4.0,1.22,3.0,1.36,1.44,2.63,1.29,1.29,1.8,1.22,1.57,1.5,1.28,1.45,1.52
29 Nov 2026,02:00,England,Premier League,Manchester Utd,Brentford,Upcoming,https://www.oddsportal.com/football/h2h/brentford-xYe7DwID/manchester-united-ppjDR086/#pplZJgZg,No,No,,,,,,,,,,,,3.2,3.75,2.1,3.5,2.4,2.63,3.1,2.63,2.38,1.03,15.0,1.17,5.0,1.57,2.38,2.38,1.57,4.33,1.22,8.0,1.08,1.5,2.5,3.75,1.25,2.63,1.44,2.25,1.57,1.7,1.25,1.36,1.44,1.53,1.29,1.53,1.41,1.3
30 Aug 2026,23:00,England,Premier League,Chelsea,Brighton,Upcoming,https://www.oddsportal.com/football/h2h/brighton-2XrRecc3/chelsea-4fGZN2oK/#4n4zIX36,No,No,,,,,,,,,,,,2.0,3.75,3.5,2.6,2.38,3.75,2.3,2.6,3.4,1.04,13.0,1.2,4.5,1.67,2.2,2.63,1.5,5.0,1.17,10.0,1.06,1.62,2.2,4.0,1.22,3.0,1.36,1.5,2.5,1.29,1.25,1.8,1.25,1.53,1.5,1.31,1.43,1.54
23 Apr 2026,05:00,England,Premier League 2025/2026,Burnley,Manchester City,Upcoming,https://www.oddsportal.com/football/h2h/burnley-z3dmTMMO/manchester-city-Wtn9Stg0/#vHKAJpuB,No,No,,,,,,,,,,,,1.17,7.5,15.0,1.53,3.0,11.0,1.4,3.4,9.0,1.02,19.0,1.14,5.5,1.5,2.63,2.2,1.67,3.75,1.29,6.5,1.11,2.1,1.67,5.5,1.14,3.75,1.25,1.06,10.0,1.03,1.1,5.0,1.02,1.36,2.38,1.08,1.28,2.54
1 Nov 2026,02:00,England,Premier League,Bournemouth,Leeds,Upcoming,https://www.oddsportal.com/football/h2h/bournemouth-OtpNdwrc/leeds-tUxUbLR2/#b7C2L6Ab,No,No,,,,,,,,,,,,3.0,3.2,2.45,3.5,2.1,3.1,3.1,2.38,2.75,1.06,9.5,1.33,3.4,2.05,1.8,3.5,1.3,7.0,1.1,15.0,1.03,1.75,2.0,4.5,1.18,3.4,1.3,2.1,1.67,1.53,1.36,1.36,1.36,1.67,1.29,1.4,1.5,1.33
13 Dec 2026,02:00,England,Premier League,Sunderland,Nottingham,Upcoming,https://www.oddsportal.com/football/h2h/nottingham-UsushcZr/sunderland-WSzc94ws/#WEakC2Xp,No,No,,,,,,,,,,,,1.75,3.8,4.75,2.3,2.2,5.0,2.05,2.5,4.33,1.05,11.0,1.29,3.75,1.93,1.93,3.4,1.33,6.0,1.13,13.0,1.04,1.91,1.91,5.0,1.17,3.5,1.29,1.29,3.5,1.18,1.25,2.0,1.14,1.62,1.57,1.19,1.46,1.66
26 Apr 2026,00:00,England,Premier League 2025/2026,Wolves,Tottenham,Upcoming,https://www.oddsportal.com/football/h2h/tottenham-UDg08Ohm/wolves-j3Azpf5d/#bLiyz6Pi,No,No,,,,,,,,,,,,1.5,4.2,6.5,2.05,2.4,6.0,1.83,2.63,5.0,1.04,13.0,1.22,4.33,1.73,2.1,2.75,1.44,5.0,1.17,10.0,1.06,1.8,1.95,4.5,1.18,3.4,1.3,1.18,4.5,1.11,1.22,2.5,1.13,1.53,1.73,1.15,1.4,1.85
1 Nov 2026,02:00,England,Premier League,Aston Villa,Fulham,Upcoming,https://www.oddsportal.com/football/h2h/aston-villa-W00wmLO0/fulham-69ZiU2Om/#CWkRLF4s,No,No,,,,,,,,,,,,2.2,3.3,3.4,2.88,2.2,3.75,2.5,2.4,3.25,1.06,10.0,1.33,3.4,2.05,1.8,3.5,1.3,7.0,1.1,15.0,1.03,1.75,2.0,4.5,1.18,3.4,1.3,1.53,2.38,1.3,1.33,1.67,1.25,1.62,1.4,1.29,1.5,1.46
22 Nov 2026,02:00,England,Premier League,Newcastle,Arsenal,Upcoming,https://www.oddsportal.com/football/h2h/arsenal-hA1Zm19f/newcastle-utd-p6ahwuwJ/#CUIIHO9N,No,No,,,,,,,,,,,,3.4,3.3,2.15,4.0,2.1,2.88,3.4,2.38,2.5,1.07,9.0,1.36,3.2,2.1,1.73,3.75,1.29,8.0,1.08,17.0,1.03,1.91,1.91,5.0,1.17,3.5,1.29,2.38,1.53,1.67,1.33,1.3,1.4,1.67,1.22,1.45,1.52,1.28
26 Apr 2026,00:00,England,Premier League 2025/2026,West Ham,Everton,Upcoming,https://www.oddsportal.com/football/h2h/everton-KluSTr9s/west-ham-Cxq57r8g/#js9fNSun,No,No,,,,,,,,,,,,1.62,3.9,5.5,2.2,2.3,5.5,1.95,2.6,4.75,1.05,11.0,1.29,3.75,1.88,1.98,3.2,1.36,6.0,1.13,13.0,1.04,1.91,1.91,5.0,1.17,3.5,1.29,1.22,4.0,1.14,1.25,2.25,1.13,1.57,1.62,1.17,1.43,1.75
8 Nov 2026,02:00,England,Premier League,Leeds,Tottenham,Upcoming,https://www.oddsportal.com/football/h2h/leeds-tUxUbLR2/tottenham-UDg08Ohm/#tAhzq18M,No,No,,,,,,,,,,,,2.8,3.4,2.5,3.4,2.2,3.1,3.0,2.4,2.75,1.06,10.0,1.29,3.75,1.95,1.9,3.4,1.33,6.0,1.13,13.0,1.04,1.7,2.05,4.33,1.2,3.25,1.33,1.91,1.8,1.5,1.3,1.4,1.36,1.62,1.3,1.39,1.48,1.36
29 Nov 2026,02:00,England,Premier League,Fulham,Bournemouth,Upcoming,https://www.oddsportal.com/football/h2h/bournemouth-OtpNdwrc/fulham-69ZiU2Om/#2JX0U1gT,No,No,,,,,,,,,,,,1.95,3.4,4.1,2.6,2.1,4.5,2.3,2.38,4.0,1.07,9.0,1.36,3.2,2.1,1.73,3.75,1.29,8.0,1.08,17.0,1.03,1.95,1.8,5.0,1.17,3.75,1.25,1.4,2.75,1.22,1.3,1.8,1.17,1.67,1.5,1.23,1.49,1.55
11 May 2026,01:30,England,Premier League 2025/2026,West Ham,Arsenal,Upcoming,https://www.oddsportal.com/football/h2h/arsenal-hA1Zm19f/west-ham-Cxq57r8g/#KztpYqf4,No,No,,,,,,,,,,,,1.17,8.0,15.0,1.53,3.0,10.0,1.44,3.4,8.5,1.01,23.0,1.14,5.5,1.44,2.75,2.1,1.73,3.5,1.3,6.0,1.13,2.05,1.7,5.0,1.17,3.75,1.25,,,1.03,1.08,5.0,1.03,1.36,2.38,1.06,1.25,2.67
31 Dec 2026,07:00,England,Premier League,Manchester Utd,Sunderland,Upcoming,https://www.oddsportal.com/football/h2h/manchester-united-ppjDR086/sunderland-WSzc94ws/#Chq6wuWq,No,No,,,,,,,,,,,,1.62,4.33,5.0,2.1,2.4,5.0,1.91,2.75,4.5,1.03,15.0,1.2,4.5,1.62,2.3,2.63,1.5,4.5,1.2,9.0,1.07,1.7,2.05,4.0,1.22,3.25,1.33,1.25,3.75,1.17,1.2,2.25,1.14,1.53,1.67,1.18,1.4,1.77
6 Dec 2026,02:00,England,Premier League,Chelsea,Liverpool,Upcoming,https://www.oddsportal.com/football/h2h/chelsea-4fGZN2oK/liverpool-lId4TMwf/#Ec1Jnq9c,No,No,,,,,,,,,,,,2.9,3.6,2.3,3.25,2.4,2.75,2.88,2.63,2.5,1.03,15.0,1.17,5.0,1.57,2.38,2.38,1.57,4.33,1.22,8.0,1.08,1.5,2.5,3.5,1.29,2.63,1.44,2.1,1.67,1.57,1.29,1.4,1.4,1.53,1.33,1.5,1.41,1.36
31 Dec 2026,07:00,England,Premier League,Newcastle,Nottingham,Upcoming,https://www.oddsportal.com/football/h2h/newcastle-utd-p6ahwuwJ/nottingham-UsushcZr/#8KxFyJ0d,No,No,,,,,,,,,,,,1.5,4.5,6.0,2.0,2.5,6.0,1.8,2.75,5.0,1.03,15.0,1.2,4.5,1.62,2.3,2.63,1.5,4.5,1.2,9.0,1.07,1.75,2.0,4.33,1.2,3.25,1.33,1.18,4.5,1.13,1.18,2.5,1.13,1.5,1.73,1.15,1.39,1.86
10 May 2026,00:00,England,Premier League 2025/2026,Brighton,Wolves,Upcoming,https://www.oddsportal.com/football/h2h/brighton-2XrRecc3/wolves-j3Azpf5d/#0EP0aMh3,No,No,,,,,,,,,,,,3.4,3.6,2.1,3.75,2.3,2.63,3.25,2.5,2.4,1.04,13.0,1.22,4.33,1.73,2.1,2.75,1.44,5.0,1.17,10.0,1.06,1.62,2.2,4.0,1.22,3.0,1.36,2.38,1.53,1.7,1.29,1.3,1.44,1.57,1.25,1.51,1.45,1.29
10 May 2026,23:00,England,Premier League 2025/2026,Burnley,Aston Villa,Upcoming,https://www.oddsportal.com/football/h2h/aston-villa-W00wmLO0/burnley-z3dmTMMO/#6ivhWNOG,No,No,,,,,,,,,,,,1.55,4.1,6.0,2.05,2.3,6.0,1.83,2.6,5.5,1.05,11.0,1.3,3.5,1.93,1.93,3.4,1.33,6.0,1.13,13.0,1.04,1.95,1.8,5.0,1.17,3.75,1.25,1.18,4.5,1.13,1.22,2.38,1.11,1.57,1.73,1.14,1.45,1.84
23 Aug 2026,00:00,England,Premier League,Everton,Crystal Palace,Upcoming,https://www.oddsportal.com/football/h2h/crystal-palace-AovF1Mia/everton-KluSTr9s/#Kf4RpNwA,No,No,,,,,,,,,,,,2.6,3.2,2.8,3.4,2.0,3.5,3.0,2.25,3.0,1.08,8.0,1.4,3.0,2.3,1.62,4.33,1.22,9.0,1.07,19.0,1.02,1.95,1.8,5.5,1.14,3.75,1.25,1.83,1.83,1.4,1.36,1.5,1.29,1.73,1.3,1.33,1.55,1.36
6 Dec 2026,02:00,England,Premier League,Brentford,Manchester City,Upcoming,https://www.oddsportal.com/football/h2h/brentford-xYe7DwID/manchester-city-Wtn9Stg0/#bkJWOuHj,No,No,,,,,,,,,,,,4.75,4.2,1.62,5.0,2.5,2.1,4.33,2.75,1.91,1.03,15.0,1.2,4.5,1.62,2.3,2.5,1.53,4.5,1.2,9.0,1.07,1.62,2.2,4.0,1.22,3.0,1.36,3.75,1.25,2.25,1.22,1.18,1.67,1.5,1.14,1.76,1.39,1.19
29 Nov 2026,02:00,England,Premier League,Nottingham,Chelsea,Upcoming,https://www.oddsportal.com/football/h2h/chelsea-4fGZN2oK/nottingham-UsushcZr/#nqyHiVjf,No,No,,,,,,,,,,,,3.1,3.5,2.25,3.4,2.2,3.0,3.1,2.5,2.6,1.05,11.0,1.29,3.75,1.88,1.98,3.2,1.36,6.0,1.13,13.0,1.04,1.67,2.1,4.33,1.2,3.25,1.33,2.1,1.67,1.62,1.29,1.36,1.36,1.62,1.3,1.43,1.47,1.32
3 May 2026,00:00,England,Premier League 2025/2026,Wolves,Sunderland,Upcoming,https://www.oddsportal.com/football/h2h/sunderland-WSzc94ws/wolves-j3Azpf5d/#f9vPk9L6,No,No,,,,,,,,,,,,2.5,3.0,3.1,3.2,2.0,3.75,2.88,2.2,3.2,1.1,7.0,1.44,2.75,2.38,1.57,4.5,1.2,10.0,1.06,21.0,1.02,1.95,1.8,5.5,1.14,4.0,1.22,1.67,2.1,1.36,1.36,1.5,1.25,1.73,1.36,1.31,1.55,1.38
2 May 2026,05:00,England,Premier League 2025/2026,Leeds,Burnley,Upcoming,https://www.oddsportal.com/football/h2h/burnley-z3dmTMMO/leeds-tUxUbLR2/#Eib9evhS,No,No,,,,,,,,,,,,3.4,3.25,2.15,4.0,2.05,2.88,3.5,2.25,2.6,1.08,8.0,1.44,2.75,2.3,1.62,4.33,1.22,9.0,1.07,19.0,1.02,1.95,1.8,5.5,1.14,3.75,1.25,2.38,1.53,1.67,1.33,1.3,1.4,1.73,1.22,1.45,1.54,1.26
31 Dec 2026,07:00,England,Premier League,Everton,Manchester City,Upcoming,https://www.oddsportal.com/football/h2h/everton-KluSTr9s/manchester-city-Wtn9Stg0/#jHs8giMs,No,No,,,,,,,,,,,,1.42,4.33,8.5,1.95,2.5,6.0,1.8,2.75,5.5,1.04,13.0,1.22,4.33,1.67,2.2,2.75,1.44,5.0,1.17,10.0,1.06,1.8,1.95,4.5,1.18,3.4,1.3,1.14,5.5,1.08,1.2,2.75,1.11,1.5,1.8,1.14,1.37,1.9
29 Nov 2026,02:00,England,Premier League,Brighton,Newcastle,Upcoming,https://www.oddsportal.com/football/h2h/brighton-2XrRecc3/newcastle-utd-p6ahwuwJ/#6Rf1c0NF,No,No,,,,,,,,,,,,2.88,3.5,2.35,3.4,2.3,2.88,3.0,2.6,2.6,1.04,13.0,1.22,4.33,1.73,2.1,2.75,1.44,5.0,1.17,10.0,1.06,1.57,2.25,4.0,1.22,2.75,1.4,2.1,1.67,1.57,1.29,1.4,1.4,1.57,1.3,1.43,1.43,1.35
31 Dec 2026,07:00,England,Premier League,Crystal Palace,Bournemouth,Upcoming,https://www.oddsportal.com/football/h2h/bournemouth-OtpNdwrc/crystal-palace-AovF1Mia/#bPZujIFk,No,No,,,,,,,,,,,,2.15,3.3,3.5,2.75,2.25,3.75,2.4,2.5,3.4,1.05,11.0,1.22,4.33,1.8,2.0,2.75,1.44,5.0,1.17,11.0,1.05,1.62,2.2,4.0,1.22,3.0,1.36,1.5,2.5,1.29,1.33,1.67,1.25,1.57,1.4,1.29,1.46,1.47
19 Sep 2026,21:30,England,Premier League,Tottenham,Aston Villa,Upcoming,https://www.oddsportal.com/football/h2h/aston-villa-W00wmLO0/tottenham-UDg08Ohm/#GOSXmmjJ,No,No,,,,,,,,,,,,2.2,3.4,3.1,2.88,2.25,3.6,2.5,2.5,3.1,1.05,11.0,1.29,3.75,1.88,1.98,3.2,1.36,6.0,1.13,13.0,1.04,1.67,2.1,4.33,1.2,3.25,1.33,1.57,2.25,1.36,1.3,1.67,1.29,1.57,1.4,1.3,1.46,1.45
31 Dec 2026,07:00,England,Premier League,Fulham,Arsenal,Upcoming,https://www.oddsportal.com/football/h2h/arsenal-hA1Zm19f/fulham-69ZiU2Om/#6kwlldp2,No,No,,,,,,,,,,,,6.25,4.2,1.5,6.5,2.3,2.05,5.5,2.6,1.83,1.05,11.0,1.3,3.5,1.95,1.9,3.4,1.33,6.0,1.13,13.0,1.04,2.0,1.75,5.5,1.14,4.0,1.22,5.0,1.17,2.5,1.22,1.13,1.73,1.57,1.1,1.86,1.41,1.13
22 Nov 2026,02:00,England,Premier League,Liverpool,Manchester Utd,Upcoming,https://www.oddsportal.com/football/h2h/liverpool-lId4TMwf/manchester-united-ppjDR086/#KUKzCax9,No,No,,,,,,,,,,,,1.7,4.2,4.2,2.2,2.6,4.33,2.0,2.88,3.75,1.02,21.0,1.14,5.5,1.44,2.75,2.1,1.73,3.5,1.3,6.0,1.13,1.5,2.5,3.4,1.3,2.63,1.44,1.3,3.4,1.22,1.22,2.1,1.2,1.5,1.62,1.22,1.35,1.75
25 May 2026,01:00,England,Premier League 2025/2026,West Ham,Leeds,Upcoming,https://www.oddsportal.com/football/h2h/leeds-tUxUbLR2/west-ham-Cxq57r8g/#AaTuHoK5,No,No,,,,,,,,,,,,1.8,3.6,4.5,2.4,2.2,4.75,2.1,2.4,4.33,1.06,9.5,1.3,3.5,2.03,1.83,3.5,1.3,6.5,1.11,15.0,1.03,1.91,1.91,5.0,1.17,3.5,1.29,1.3,3.4,1.18,1.29,1.95,1.17,1.62,1.53,1.19,1.47,1.62
3 May 2026,00:00,England,Premier League 2025/2026,Brentford,West Ham,Upcoming,https://www.oddsportal.com/football/h2h/brentford-xYe7DwID/west-ham-Cxq57r8g/#MLFJBjrQ,No,No,,,,,,,,,,,,2.8,3.25,2.55,3.4,2.2,3.1,2.88,2.4,2.75,1.06,10.0,1.29,3.75,1.93,1.93,3.2,1.36,6.0,1.13,13.0,1.04,1.7,2.05,4.33,1.2,3.25,1.33,1.91,1.8,1.5,1.33,1.4,1.36,1.62,1.3,1.4,1.47,1.34
3 Jan 2027,02:00,England,Premier League,Brighton,Manchester Utd,Upcoming,https://www.oddsportal.com/football/h2h/brighton-2XrRecc3/manchester-united-ppjDR086/#rDRmFPlI,No,No,,,,,,,,,,,,1.95,3.8,3.4,2.5,2.5,3.75,2.25,2.75,3.25,1.03,17.0,1.14,5.5,1.5,2.63,2.2,1.67,4.0,1.25,7.0,1.1,1.5,2.5,3.5,1.29,2.63,1.44,1.44,2.63,1.3,1.25,1.8,1.25,1.5,1.5,1.3,1.38,1.56
8 Nov 2026,02:00,England,Premier League,Fulham,Newcastle,Upcoming,https://www.oddsportal.com/football/h2h/fulham-69ZiU2Om/newcastle-utd-p6ahwuwJ/#2FskD3JU,No,No,,,,,,,,,,,,1.6,4.1,5.75,2.1,2.3,5.5,1.91,2.6,5.0,1.04,12.0,1.25,4.0,1.83,2.03,3.0,1.4,5.5,1.14,11.0,1.05,1.8,1.95,4.5,1.18,3.5,1.29,1.22,4.0,1.14,1.22,2.3,1.13,1.57,1.67,1.17,1.41,1.77
8 Nov 2026,02:00,England,Premier League,Sunderland,Chelsea,Upcoming,https://www.oddsportal.com/football/h2h/chelsea-4fGZN2oK/sunderland-WSzc94ws/#67WOKTKt,No,No,,,,,,,,,,,,1.45,4.5,7.0,1.95,2.4,6.5,1.73,2.75,5.5,1.04,13.0,1.22,4.33,1.73,2.1,2.75,1.44,5.0,1.17,10.0,1.06,1.91,1.91,5.0,1.17,3.5,1.29,1.14,5.5,1.1,1.18,2.63,1.1,1.53,1.8,1.13,1.37,1.92
27 Dec 2026,02:00,England,Premier League,Crystal Palace,Arsenal,Upcoming,https://www.oddsportal.com/football/h2h/arsenal-hA1Zm19f/crystal-palace-AovF1Mia/#t6dj6U5m,No,No,,,,,,,,,,,,1.38,5.0,8.0,1.83,2.5,7.0,1.67,2.88,6.0,1.03,15.0,1.22,4.33,1.67,2.2,2.75,1.44,5.0,1.17,10.0,1.06,1.95,1.8,5.0,1.17,3.5,1.29,1.13,6.0,1.08,1.17,3.0,1.08,1.5,1.83,1.11,1.36,2.02
18 Oct 2026,01:00,England,Championship,Burnley,Wolves,Upcoming,https://www.oddsportal.com/football/h2h/burnley-z3dmTMMO/wolves-j3Azpf5d/#hvNbX64n,No,No,,,,,,,,,,,,1.91,3.3,4.33,2.6,2.05,4.75,2.3,2.3,4.0,1.08,8.0,1.4,3.0,2.2,1.67,4.0,1.25,8.0,1.08,19.0,1.02,2.0,1.75,5.5,1.14,4.0,1.22,1.36,3.0,1.2,1.33,1.83,1.17,1.73,1.5,1.21,1.51,1.55
18 Oct 2026,01:00,England,Premier League,Brentford,Liverpool,Upcoming,https://www.oddsportal.com/football/h2h/brentford-xYe7DwID/liverpool-lId4TMwf/#2g6E0QZO,No,No,,,,,,,,,,,,3.9,4.0,1.83,4.0,2.5,2.3,3.6,2.75,2.1,1.03,15.0,1.17,5.0,1.57,2.38,2.38,1.57,4.33,1.22,8.0,1.08,1.53,2.38,3.75,1.25,2.75,1.4,3.0,1.36,1.91,1.22,1.25,1.57,1.5,1.22,1.62,1.4,1.25
22 Nov 2026,02:00,England,Premier League,Bournemouth,Nottingham,Upcoming,https://www.oddsportal.com/football/h2h/bournemouth-OtpNdwrc/nottingham-UsushcZr/#Aol72n5C,No,No,,,,,,,,,,,,2.0,3.75,3.6,2.6,2.3,4.0,2.3,2.5,3.5,1.04,12.0,1.25,4.0,1.8,2.0,3.0,1.4,5.5,1.14,11.0,1.05,1.67,2.1,4.33,1.2,3.25,1.33,1.44,2.63,1.29,1.25,1.8,1.22,1.57,1.5,1.26,1.43,1.55
25 Oct 2026,01:00,England,Premier League,Aston Villa,Manchester City,Upcoming,https://www.oddsportal.com/football/h2h/aston-villa-W00wmLO0/manchester-city-Wtn9Stg0/#EJfb48z0,No,No,,,,,,,,,,,,4.2,3.75,1.83,4.33,2.38,2.38,3.75,2.6,2.1,1.04,13.0,1.22,4.33,1.67,2.2,2.75,1.44,5.0,1.17,10.0,1.06,1.67,2.1,4.0,1.22,3.0,1.36,3.25,1.33,1.91,1.25,1.22,1.53,1.53,1.2,1.62,1.42,1.23
3 Jan 2027,02:00,England,Premier League,Brentford,Crystal Palace,Upcoming,https://www.oddsportal.com/football/h2h/brentford-xYe7DwID/crystal-palace-AovF1Mia/#GI7OR2YN,No,No,,,,,,,,,,,,2.05,3.4,3.5,2.63,2.25,4.0,2.4,2.5,3.4,1.05,11.0,1.25,4.0,1.88,1.98,3.2,1.36,6.0,1.13,13.0,1.04,1.7,2.05,4.33,1.2,3.25,1.33,1.5,2.5,1.29,1.3,1.73,1.22,1.57,1.44,1.27,1.46,1.5
13 Sep 2026,02:30,England,Premier League,Tottenham,Everton,Upcoming,https://www.oddsportal.com/football/h2h/everton-KluSTr9s/tottenham-UDg08Ohm/#EXZWI7kg,No,No,,,,,,,,,,,,2.2,3.5,3.25,2.75,2.2,3.75,2.5,2.5,3.25,1.05,11.0,1.29,3.75,1.93,1.93,3.2,1.36,6.0,1.13,13.0,1.04,1.7,2.05,4.33,1.2,3.25,1.33,1.57,2.25,1.33,1.29,1.67,1.25,1.62,1.4,1.29,1.46,1.47
18 May 2026,00:00,England,Premier League 2025/2026,Wolves,Fulham,Upcoming,https://www.oddsportal.com/football/h2h/fulham-69ZiU2Om/wolves-j3Azpf5d/#ClgfMtdo,No,No,,,,,,,,,,,,1.73,3.8,4.5,2.3,2.25,5.0,2.05,2.5,4.33,1.05,11.0,1.25,4.0,1.85,2.0,3.2,1.36,5.5,1.14,11.0,1.05,1.8,1.95,4.5,1.18,3.4,1.3,1.3,3.4,1.18,1.25,2.05,1.14,1.57,1.57,1.21,1.43,1.63
27 Dec 2026,02:00,England,Premier League,Manchester Utd,Nottingham,Upcoming,https://www.oddsportal.com/football/h2h/manchester-united-ppjDR086/nottingham-UsushcZr/#h8Q7ItBG,No,No,,,,,,,,,,,,3.1,3.8,2.1,3.6,2.38,2.63,3.2,2.6,2.4,1.04,13.0,1.22,4.33,1.67,2.2,2.75,1.44,5.0,1.17,10.0,1.06,1.57,2.25,3.75,1.25,2.75,1.4,2.38,1.53,1.7,1.25,1.36,1.44,1.53,1.29,1.49,1.43,1.3
6 Sep 2026,00:00,England,Premier League,Brighton,Leeds,Upcoming,https://www.oddsportal.com/football/h2h/brighton-2XrRecc3/leeds-tUxUbLR2/#EgB7VpZb,No,No,,,,,,,,,,,,1.91,3.6,3.9,2.5,2.25,4.33,2.25,2.5,3.75,1.05,11.0,1.25,4.0,1.83,2.03,3.0,1.4,5.5,1.14,11.0,1.05,1.75,2.0,4.33,1.2,3.25,1.33,1.4,2.75,1.25,1.29,1.83,1.2,1.57,1.5,1.24,1.44,1.57
23 Aug 2026,23:00,England,Premier League,Manchester City,Bournemouth,Upcoming,https://www.oddsportal.com/football/h2h/bournemouth-OtpNdwrc/manchester-city-Wtn9Stg0/#WhxaK2t4,No,No,,,,,,,,,,,,1.42,5.0,7.0,1.83,2.75,6.0,1.67,3.0,5.5,1.03,17.0,1.14,5.5,1.5,2.63,2.1,1.73,3.75,1.29,6.5,1.11,1.67,2.1,3.75,1.25,3.0,1.36,1.14,5.5,1.1,1.17,2.75,1.11,1.4,1.83,1.14,1.33,2.01
19 May 2026,05:00,England,Premier League 2025/2026,Arsenal,Burnley,Upcoming,https://www.oddsportal.com/football/h2h/arsenal-hA1Zm19f/burnley-z3dmTMMO/#MJEFTO3B,No,No,,,,,,,,,,,,13.0,6.25,1.22,12.0,2.5,1.67,9.5,2.88,1.53,1.05,11.0,1.29,3.75,1.9,1.95,3.4,1.33,6.0,1.13,13.0,1.04,2.63,1.44,7.0,1.1,5.5,1.14,10.0,1.06,4.0,1.13,1.04,2.1,1.5,1.02,2.31,1.33,1.05
31 Dec 2026,07:00,England,Premier League,Aston Villa,Liverpool,Upcoming,https://www.oddsportal.com/football/h2h/aston-villa-W00wmLO0/liverpool-lId4TMwf/#OSYjMOBi,No,No,,,,,,,,,,,,1.67,4.33,4.33,2.2,2.5,4.5,1.95,2.75,4.0,1.03,17.0,1.17,5.0,1.53,2.5,2.38,1.57,4.0,1.25,8.0,1.08,1.57,2.25,3.75,1.25,2.75,1.4,1.3,3.4,1.2,1.2,2.15,1.17,1.5,1.62,1.2,1.37,1.74
1 Aug 2026,19:45,World,Club Friendly,Chelsea,Tottenham,Upcoming,https://www.oddsportal.com/football/h2h/chelsea-4fGZN2oK/tottenham-UDg08Ohm/#KzdmbCP1,No,No,,,,,,,,,,,,3.1,3.5,2.25,3.5,2.25,2.88,3.1,2.5,2.6,1.04,13.0,1.22,4.33,1.73,2.1,2.75,1.44,5.0,1.17,10.0,1.06,1.62,2.2,4.0,1.22,3.0,1.36,2.2,1.62,1.62,1.29,1.36,1.4,1.57,1.29,1.45,1.46,1.32
18 May 2026,02:30,England,Premier League 2025/2026,Newcastle,West Ham,Upcoming,https://www.oddsportal.com/football/h2h/newcastle-utd-p6ahwuwJ/west-ham-Cxq57r8g/#CUrZLFH8,No,No,,,,,,,,,,,,4.75,4.2,1.65,5.0,2.4,2.2,4.33,2.63,1.95,1.04,13.0,1.22,4.33,1.73,2.1,2.75,1.44,5.0,1.17,10.0,1.06,1.7,2.05,4.33,1.2,3.25,1.33,3.5,1.29,2.2,1.22,1.18,1.62,1.53,1.14,1.73,1.41,1.18
13 Sep 2026,05:00,England,Premier League,Sunderland,Arsenal,Upcoming,https://www.oddsportal.com/football/h2h/arsenal-hA1Zm19f/sunderland-WSzc94ws/#pb7dPlO0,No,No,,,,,,,,,,,,7.5,4.33,1.44,7.5,2.2,2.05,6.0,2.4,1.83,1.07,9.0,1.4,3.0,2.2,1.67,4.0,1.25,8.0,1.08,19.0,1.02,2.25,1.57,6.5,1.11,4.5,1.18,5.0,1.17,2.63,1.2,1.1,1.73,1.62,1.07,1.86,1.45,1.11
27 Dec 2026,02:00,England,Premier League,Everton,Sunderland,Upcoming,https://www.oddsportal.com/football/h2h/everton-KluSTr9s/sunderland-WSzc94ws/#O82v0Yfk,No,No,,,,,,,,,,,,3.3,3.0,2.3,4.0,2.0,3.1,3.4,2.2,2.75,1.1,7.0,1.44,2.75,2.38,1.57,4.5,1.2,10.0,1.06,21.0,1.02,2.0,1.75,5.5,1.14,4.0,1.22,2.25,1.57,1.57,1.36,1.33,1.36,1.73,1.22,1.4,1.57,1.28
6 Dec 2026,02:00,England,Premier League,Everton,Fulham,Upcoming,https://www.oddsportal.com/football/h2h/everton-KluSTr9s/fulham-69ZiU2Om/#Ma2HYh1E,No,No,,,,,,,,,,,,2.3,3.3,3.2,3.0,2.1,3.75,2.63,2.3,3.25,1.07,8.5,1.36,3.2,2.1,1.73,4.0,1.25,8.0,1.08,17.0,1.03,1.91,1.91,5.0,1.17,3.75,1.25,1.62,2.2,1.36,1.33,1.57,1.25,1.67,1.36,1.3,1.51,1.42
17 Aug 2026,01:00,England,Championship,Burnley,West Ham,Upcoming,https://www.oddsportal.com/football/h2h/burnley-z3dmTMMO/west-ham-Cxq57r8g/#YJmioWpK,No,No,,,,,,,,,,,,1.85,3.6,4.1,2.5,2.2,4.5,2.2,2.5,4.0,1.06,10.0,1.3,3.5,1.98,1.88,3.4,1.33,6.5,1.11,13.0,1.04,1.8,1.95,4.5,1.18,3.5,1.29,1.36,3.0,1.22,1.29,1.91,1.17,1.62,1.5,1.22,1.47,1.58
11 Oct 2026,01:00,England,Premier League,Manchester Utd,Tottenham,Upcoming,https://www.oddsportal.com/football/h2h/manchester-united-ppjDR086/tottenham-UDg08Ohm/#6De5NShD,No,No,,,,,,,,,,,,2.9,3.4,2.35,3.4,2.3,2.88,3.0,2.6,2.6,1.04,13.0,1.2,4.5,1.73,2.1,2.63,1.5,5.0,1.17,10.0,1.06,1.57,2.25,4.0,1.22,2.75,1.4,2.1,1.67,1.57,1.3,1.4,1.4,1.57,1.3,1.43,1.43,1.35
8 Feb 2026,02:00,England,Premier League 2025/2026,Wolves,Chelsea,Upcoming,https://www.oddsportal.com/football/h2h/chelsea-4fGZN2oK/wolves-j3Azpf5d/#bRGMCBve,No,No,,,,,,,,,,,,1.36,5.0,8.0,1.8,2.63,7.0,1.62,2.88,6.0,1.03,15.0,1.17,5.0,1.57,2.38,2.5,1.53,4.33,1.22,8.0,1.08,1.8,1.95,4.5,1.18,3.4,1.3,1.11,6.5,1.08,1.17,3.0,1.08,1.5,1.91,1.11,1.36,2.02
3 Jan 2027,02:00,England,Premier League,Bournemouth,Aston Villa,Upcoming,https://www.oddsportal.com/football/h2h/aston-villa-W00wmLO0/bournemouth-OtpNdwrc/#8dxrKgnL,No,No,,,,,,,,,,,,2.3,3.3,3.1,2.88,2.2,3.5,2.6,2.5,3.1,1.05,11.0,1.25,4.0,1.88,1.98,3.2,1.36,6.0,1.13,13.0,1.04,1.67,2.1,4.33,1.2,3.25,1.33,1.62,2.2,1.36,1.33,1.57,1.29,1.62,1.4,1.32,1.47,1.43
23 Aug 2026,00:00,England,Premier League,Nottingham,Leeds,Upcoming,https://www.oddsportal.com/football/h2h/leeds-tUxUbLR2/nottingham-UsushcZr/#xY3lRAgl,No,No,,,,,,,,,,,,2.2,3.0,3.6,2.88,2.0,4.33,2.6,2.2,3.6,1.1,7.0,1.44,2.75,2.38,1.57,4.5,1.2,10.0,1.06,21.0,1.02,2.0,1.75,6.0,1.13,4.0,1.22,1.5,2.5,1.29,1.36,1.67,1.2,1.73,1.4,1.25,1.56,1.44
20 Dec 2026,02:00,England,Premier League,Brentford,Newcastle,Upcoming,https://www.oddsportal.com/football/h2h/brentford-xYe7DwID/newcastle-utd-p6ahwuwJ/#xCSDEX9r,No,No,,,,,,,,,,,,2.8,3.4,2.5,3.25,2.25,3.0,2.88,2.5,2.75,1.04,12.0,1.25,4.0,1.83,2.03,3.0,1.4,5.5,1.14,11.0,1.05,1.62,2.2,4.33,1.2,3.0,1.36,2.0,1.73,1.5,1.3,1.4,1.36,1.57,1.33,1.42,1.44,1.35
18 Oct 2026,01:00,England,Premier League,Brighton,Crystal Palace,Upcoming,https://www.oddsportal.com/football/h2h/brighton-2XrRecc3/crystal-palace-AovF1Mia/#6iKUAk97,No,No,,,,,,,,,,,,2.38,3.4,3.0,3.0,2.25,3.4,2.63,2.5,3.0,1.05,11.0,1.25,4.0,1.85,2.0,3.0,1.4,5.5,1.14,11.0,1.05,1.67,2.1,4.33,1.2,3.0,1.36,1.67,2.1,1.36,1.3,1.53,1.3,1.57,1.36,1.33,1.46,1.42
11 Oct 2026,01:00,England,Premier League,Liverpool,Manchester City,Upcoming,https://www.oddsportal.com/football/h2h/liverpool-lId4TMwf/manchester-city-Wtn9Stg0/#fD0PWWVQ,No,No,,,,,,,,,,,,1.85,4.0,3.8,2.3,2.6,4.0,2.1,2.88,3.5,1.03,17.0,1.14,5.5,1.5,2.63,2.1,1.73,3.75,1.29,6.5,1.11,1.44,2.63,3.4,1.3,2.5,1.5,1.4,2.75,1.25,1.22,1.91,1.22,1.5,1.57,1.28,1.37,1.6
22 Feb 2026,02:00,England,Premier League 2025/2026,Chelsea,Burnley,Upcoming,https://www.oddsportal.com/football/h2h/burnley-z3dmTMMO/chelsea-4fGZN2oK/#Eivnz6xJ,No,No,,,,,,,,,,,,5.0,4.2,1.6,5.0,2.4,2.1,4.5,2.75,1.91,1.03,15.0,1.2,4.5,1.67,2.2,2.63,1.5,4.5,1.2,10.0,1.06,1.7,2.05,4.33,1.2,3.25,1.33,3.75,1.25,2.3,1.22,1.17,1.67,1.53,1.14,1.76,1.4,1.18
23 Feb 2026,01:00,England,Premier League 2025/2026,Crystal Palace,Wolves,Upcoming,https://www.oddsportal.com/football/h2h/crystal-palace-AovF1Mia/wolves-j3Azpf5d/#ht4uf0Ti,No,No,,,,,,,,,,,,4.5,3.9,1.75,4.75,2.25,2.3,4.33,2.5,2.1,1.05,11.0,1.29,3.75,1.9,1.95,3.2,1.36,6.0,1.13,13.0,1.04,1.91,1.91,4.5,1.18,3.5,1.29,3.4,1.3,1.95,1.25,1.18,1.53,1.62,1.14,1.62,1.46,1.2
29 Aug 2026,21:30,England,Premier League,Liverpool,Nottingham,Upcoming,https://www.oddsportal.com/football/h2h/liverpool-lId4TMwf/nottingham-UsushcZr/#0ldDjRMa,No,No,,,,,,,,,,,,1.45,4.5,7.0,1.91,2.6,6.0,1.73,2.88,5.0,1.03,17.0,1.17,5.0,1.57,2.38,2.38,1.57,4.33,1.22,8.0,1.08,1.7,2.05,4.0,1.22,3.0,1.36,1.17,5.0,1.1,1.18,2.63,1.11,1.5,1.8,1.14,1.36,1.96
30 Aug 2026,23:00,England,Premier League,Sunderland,Fulham,Upcoming,https://www.oddsportal.com/football/h2h/fulham-69ZiU2Om/sunderland-WSzc94ws/#fmHYc9UP,No,No,,,,,,,,,,,,2.0,3.4,4.0,2.63,2.1,4.33,2.3,2.38,3.75,1.07,9.0,1.36,3.2,2.1,1.73,3.75,1.29,8.0,1.08,17.0,1.03,1.91,1.91,5.0,1.17,3.75,1.25,1.4,2.75,1.22,1.3,1.8,1.2,1.67,1.44,1.25,1.49,1.5
22 Feb 2026,04:30,England,Premier League 2025/2026,West Ham,Bournemouth,Upcoming,https://www.oddsportal.com/football/h2h/bournemouth-OtpNdwrc/west-ham-Cxq57r8g/#AasVwlwf,No,No,,,,,,,,,,,,1.65,4.1,4.75,2.2,2.4,4.75,1.95,2.75,4.33,1.04,13.0,1.2,4.5,1.67,2.2,2.63,1.5,4.5,1.2,9.0,1.07,1.67,2.1,4.0,1.22,3.0,1.36,1.29,3.5,1.18,1.22,2.2,1.17,1.53,1.62,1.19,1.39,1.74
8 Nov 2026,02:00,England,Premier League,Brighton,Brentford,Upcoming,https://www.oddsportal.com/football/h2h/brentford-xYe7DwID/brighton-2XrRecc3/#6RzvxS76,No,No,,,,,,,,,,,,2.15,3.4,3.4,2.63,2.3,3.75,2.4,2.5,3.25,1.04,13.0,1.22,4.33,1.73,2.1,2.75,1.44,5.0,1.17,10.0,1.06,1.57,2.25,4.0,1.22,2.75,1.4,1.53,2.38,1.3,1.3,1.67,1.25,1.57,1.44,1.29,1.43,1.5
27 Dec 2026,02:00,England,Premier League,Newcastle,Manchester City,Upcoming,https://www.oddsportal.com/football/h2h/manchester-city-Wtn9Stg0/newcastle-utd-p6ahwuwJ/#S2CgWdyo,No,No,,,,,,,,,,,,3.8,3.75,1.91,4.0,2.4,2.4,3.5,2.63,2.2,1.03,15.0,1.2,4.5,1.62,2.3,2.5,1.53,4.5,1.2,8.0,1.08,1.53,2.38,3.75,1.25,2.75,1.4,2.75,1.4,1.83,1.25,1.25,1.53,1.53,1.22,1.57,1.4,1.27
27 Dec 2026,02:00,England,Premier League,Aston Villa,Leeds,Upcoming,https://www.oddsportal.com/football/h2h/aston-villa-W00wmLO0/leeds-tUxUbLR2/#4M24hmhm,No,No,,,,,,,,,,,,3.2,3.3,2.25,3.75,2.1,2.88,3.25,2.38,2.6,1.07,9.0,1.36,3.2,2.1,1.73,3.75,1.29,8.0,1.08,17.0,1.03,1.8,1.95,5.0,1.17,3.5,1.29,2.25,1.57,1.62,1.33,1.36,1.4,1.67,1.25,1.44,1.51,1.29
6 Dec 2026,02:00,England,Premier League,Tottenham,Arsenal,Upcoming,https://www.oddsportal.com/football/h2h/arsenal-hA1Zm19f/tottenham-UDg08Ohm/#xnqNuA8s,No,No,,,,,,,,,,,,1.48,4.33,7.0,2.0,2.3,7.0,1.8,2.6,6.0,1.06,10.0,1.3,3.5,1.98,1.88,3.4,1.33,6.5,1.11,13.0,1.04,2.05,1.7,5.5,1.14,4.0,1.22,1.14,5.5,1.1,1.2,2.63,1.08,1.57,1.73,1.11,1.44,1.85
13 Aug 2026,02:15,World,Club Friendly,Newcastle,Everton,Upcoming,https://www.oddsportal.com/football/h2h/everton-KluSTr9s/newcastle-utd-p6ahwuwJ/#vDfF6wDc,No,No,,,,,,,,,,,,2.63,3.3,2.7,3.2,2.2,3.2,2.75,2.5,2.88,1.05,11.0,1.25,4.0,1.88,1.98,3.2,1.36,6.0,1.13,13.0,1.04,1.67,2.1,4.33,1.2,3.0,1.36,1.83,1.83,1.44,1.33,1.44,1.36,1.62,1.36,1.38,1.45,1.38
3 Dec 2026,07:00,England,Premier League,Manchester City,Leeds,Upcoming,https://www.oddsportal.com/football/h2h/leeds-tUxUbLR2/manchester-city-Wtn9Stg0/#nwbN4HsA,No,No,,,,,,,,,,,,1.2,7.5,11.0,1.57,3.0,8.5,1.5,3.4,7.0,1.01,23.0,1.13,6.0,1.4,3.0,2.0,1.8,3.4,1.33,5.5,1.14,1.8,1.95,4.33,1.2,3.25,1.33,1.07,9.0,1.05,1.1,4.33,1.05,1.36,2.25,1.08,1.27,2.5
6 Sep 2026,23:00,England,Premier League,Everton,Manchester Utd,Upcoming,https://www.oddsportal.com/football/h2h/everton-KluSTr9s/manchester-united-ppjDR086/#Y1fLl5iC,No,No,,,,,,,,,,,,1.85,3.6,4.1,2.4,2.25,4.33,2.2,2.5,3.75,1.05,11.0,1.25,4.0,1.85,2.0,3.2,1.36,5.5,1.14,11.0,1.05,1.7,2.05,4.33,1.2,3.25,1.33,1.36,3.0,1.22,1.29,1.91,1.2,1.57,1.53,1.23,1.44,1.6
18 Oct 2026,01:00,England,Premier League,Bournemouth,Sunderland,Upcoming,https://www.oddsportal.com/football/h2h/bournemouth-OtpNdwrc/sunderland-WSzc94ws/#vyw2cZZq,No,No,,,,,,,,,,,,3.2,3.3,2.3,3.2,3.3,2.3,3.1,2.4,2.63,1.06,10.0,1.3,3.5,2.0,1.85,3.4,1.33,6.5,1.11,13.0,1.04,1.75,2.0,4.5,1.18,3.4,1.3,2.2,1.62,1.57,1.33,1.36,1.36,1.62,1.29,1.44,1.48,1.3
1 Mar 2026,02:00,England,Premier League 2025/2026,Burnley,Brentford,Upcoming,https://www.oddsportal.com/football/h2h/brentford-xYe7DwID/burnley-z3dmTMMO/#MLedjISG,No,No,,,,,,,,,,,,1.48,4.33,6.5,2.0,2.4,6.5,1.8,2.63,5.5,1.04,13.0,1.25,4.0,1.8,2.0,3.0,1.4,5.5,1.14,11.0,1.05,1.95,1.8,5.0,1.17,3.5,1.29,1.17,5.0,1.11,1.2,2.63,1.1,1.53,1.73,1.13,1.39,1.88
3 Dec 2026,07:00,England,Premier League,Tottenham,Fulham,Upcoming,https://www.oddsportal.com/football/h2h/fulham-69ZiU2Om/tottenham-UDg08Ohm/#YZVAeD4d,No,No,,,,,,,,,,,,2.38,3.4,3.0,3.0,2.25,3.4,2.63,2.5,3.0,1.05,11.0,1.25,4.0,1.8,2.0,3.0,1.4,5.5,1.14,11.0,1.05,1.67,2.1,4.33,1.2,3.0,1.36,1.67,2.1,1.36,1.3,1.53,1.3,1.57,1.36,1.32,1.47,1.44
28 Feb 2026,07:00,England,Premier League 2025/2026,Wolves,Aston Villa,Upcoming,https://www.oddsportal.com/football/h2h/aston-villa-W00wmLO0/wolves-j3Azpf5d/#Eehlhvb4,No,No,,,,,,,,,,,,1.5,4.5,6.25,2.0,2.4,6.5,1.8,2.63,5.5,1.04,13.0,1.25,4.0,1.8,2.0,3.0,1.4,5.5,1.14,11.0,1.05,1.95,1.8,5.0,1.17,3.5,1.29,1.17,5.0,1.13,1.18,2.5,1.1,1.53,1.73,1.13,1.39,1.88
1 Mar 2026,02:00,England,Premier League 2025/2026,Liverpool,West Ham,Upcoming,https://www.oddsportal.com/football/h2h/liverpool-lId4TMwf/west-ham-Cxq57r8g/#QTIdJGd3,No,No,,,,,,,,,,,,4.75,4.5,1.57,5.0,2.6,2.05,4.5,2.88,1.83,1.02,17.0,1.14,5.5,1.5,2.63,2.2,1.67,3.75,1.29,7.0,1.1,1.57,2.25,3.75,1.25,2.75,1.4,3.75,1.25,2.3,1.18,1.18,1.73,1.5,1.14,1.8,1.36,1.19
13 Dec 2026,02:00,England,Premier League,Crystal Palace,Manchester Utd,Upcoming,https://www.oddsportal.com/football/h2h/crystal-palace-AovF1Mia/manchester-united-ppjDR086/#EJzyqzLj,No,No,,,,,,,,,,,,2.05,3.7,3.4,2.63,2.3,3.75,2.38,2.6,3.25,1.04,13.0,1.22,4.33,1.73,2.1,2.75,1.44,5.0,1.17,10.0,1.06,1.62,2.2,4.0,1.22,3.0,1.36,1.53,2.38,1.3,1.29,1.73,1.25,1.57,1.44,1.28,1.42,1.53
6 Dec 2026,02:00,England,Premier League,Nottingham,Brighton,Upcoming,https://www.oddsportal.com/football/h2h/brighton-2XrRecc3/nottingham-UsushcZr/#8hnW2eCM,No,No,,,,,,,,,,,,3.0,3.3,2.45,3.4,2.2,3.0,3.0,2.4,2.63,1.06,10.0,1.29,3.75,1.91,1.91,3.4,1.33,6.0,1.13,13.0,1.04,1.7,2.05,4.33,1.2,3.25,1.33,2.1,1.67,1.53,1.33,1.36,1.36,1.62,1.3,1.4,1.49,1.33
7 Sep 2026,01:30,England,Premier League,Arsenal,Chelsea,Upcoming,https://www.oddsportal.com/football/h2h/arsenal-hA1Zm19f/chelsea-4fGZN2oK/#Imk5ldcT,No,No,,,,,,,,,,,,2.88,3.2,2.55,3.4,2.1,3.1,3.0,2.38,2.75,1.07,9.0,1.33,3.4,2.05,1.8,3.5,1.3,7.0,1.1,15.0,1.03,1.75,2.0,4.5,1.18,3.4,1.3,2.0,1.73,1.5,1.36,1.4,1.36,1.67,1.3,1.4,1.5,1.33
22 Nov 2026,02:00,England,Premier League,Manchester City,Fulham,Upcoming,https://www.oddsportal.com/football/h2h/fulham-69ZiU2Om/manchester-city-Wtn9Stg0/#GIXvWgt9,No,No,,,,,,,,,,,,5.0,4.2,1.62,5.0,2.38,2.1,4.5,2.63,1.95,1.04,13.0,1.22,4.33,1.73,2.1,2.75,1.44,5.0,1.17,10.0,1.06,1.75,2.0,4.33,1.2,3.25,1.33,3.75,1.25,2.25,1.22,1.17,1.67,1.53,1.14,1.73,1.41,1.18
30 Aug 2026,02:30,England,Premier League,Tottenham,Newcastle,Upcoming,https://www.oddsportal.com/football/h2h/newcastle-utd-p6ahwuwJ/tottenham-UDg08Ohm/#MwJZKTX7,No,No,,,,,,,,,,,,1.85,3.75,4.0,2.38,2.38,4.33,2.1,2.63,3.75,1.04,13.0,1.22,4.33,1.67,2.2,2.75,1.44,5.0,1.17,10.0,1.06,1.62,2.2,4.0,1.22,3.0,1.36,1.36,3.0,1.22,1.25,1.91,1.2,1.53,1.53,1.23,1.42,1.61
12 Feb 2026,06:30,England,Premier League 2025/2026,Nottingham,Wolves,Upcoming,https://www.oddsportal.com/football/h2h/nottingham-UsushcZr/wolves-j3Azpf5d/#lpBLrXPE,No,No,,,,,,,,,,,,3.1,3.25,2.38,3.6,2.1,3.1,3.2,2.3,2.75,1.07,9.0,1.36,3.2,2.1,1.73,4.0,1.25,8.0,1.08,17.0,1.02,1.8,1.95,5.0,1.17,3.5,1.29,2.1,1.67,1.53,1.33,1.36,1.36,1.67,1.29,1.4,1.51,1.31
30 Aug 2026,00:00,England,Premier League,Bournemouth,Everton,Upcoming,https://www.oddsportal.com/football/h2h/bournemouth-OtpNdwrc/everton-KluSTr9s/#ULFDFYeS,No,No,,,,,,,,,,,,2.15,3.5,3.3,2.75,2.25,3.75,2.5,2.5,3.2,1.04,12.0,1.25,4.0,1.8,2.0,3.0,1.4,5.5,1.14,11.0,1.05,1.62,2.2,4.0,1.22,3.0,1.36,1.53,2.38,1.33,1.29,1.67,1.25,1.57,1.4,1.29,1.45,1.49
22 Nov 2026,02:00,England,Premier League,Chelsea,Leeds,Upcoming,https://www.oddsportal.com/football/h2h/chelsea-4fGZN2oK/leeds-tUxUbLR2/#lWVnUXAL,No,No,,,,,,,,,,,,3.9,3.5,1.95,4.33,2.1,2.6,3.75,2.4,2.3,1.06,9.5,1.33,3.4,2.0,1.8,3.75,1.29,7.0,1.1,15.0,1.03,1.91,1.91,5.0,1.17,3.5,1.29,2.75,1.4,1.8,1.29,1.25,1.5,1.67,1.2,1.53,1.49,1.23
26 Jul 2026,08:00,World,Premier League Summer Series,Liverpool,Sunderland,Upcoming,https://www.oddsportal.com/football/h2h/liverpool-lId4TMwf/sunderland-WSzc94ws/#8GCJOBYr,No,No,,,,,,,,,,,,1.36,5.5,7.0,1.8,2.6,7.5,1.67,2.88,6.0,1.03,15.0,1.2,4.5,1.62,2.3,2.5,1.53,4.5,1.2,9.0,1.07,1.95,1.8,4.5,1.18,3.5,1.29,1.13,6.0,1.1,1.14,3.0,1.07,1.5,1.91,1.1,1.35,2.07
12 Feb 2026,06:30,England,Premier League 2025/2026,Crystal Palace,Burnley,Upcoming,https://www.oddsportal.com/football/h2h/burnley-z3dmTMMO/crystal-palace-AovF1Mia/#0Akh8jl2,No,No,,,,,,,,,,,,4.75,3.75,1.73,5.5,2.1,2.38,4.75,2.38,2.1,1.07,9.0,1.36,3.2,2.2,1.67,4.0,1.25,8.0,1.08,17.0,1.02,2.05,1.7,5.5,1.14,4.0,1.22,3.5,1.29,2.05,1.25,1.18,1.53,1.67,1.13,1.64,1.49,1.17
3 Dec 2026,07:00,England,Premier League,Brentford,Arsenal,Upcoming,https://www.oddsportal.com/football/h2h/arsenal-hA1Zm19f/brentford-xYe7DwID/#MeC5HfRF,No,No,,,,,,,,,,,,1.42,4.5,7.5,1.95,2.3,7.0,1.8,2.6,6.0,1.05,11.0,1.3,3.5,1.93,1.93,3.4,1.33,6.0,1.13,13.0,1.04,2.05,1.7,5.5,1.14,4.0,1.22,1.14,5.5,1.1,1.18,2.75,1.08,1.57,1.8,1.12,1.41,1.87
23 Aug 2026,23:00,England,Premier League,Brighton,Aston Villa,Upcoming,https://www.oddsportal.com/football/h2h/aston-villa-W00wmLO0/brighton-2XrRecc3/#EgipACJk,No,No,,,,,,,,,,,,2.25,3.4,3.2,2.88,2.2,3.6,2.6,2.5,3.1,1.05,11.0,1.25,4.0,1.83,2.03,3.0,1.4,5.5,1.14,11.0,1.05,1.67,2.1,4.33,1.2,3.25,1.33,1.57,2.25,1.36,1.3,1.62,1.29,1.62,1.4,1.3,1.45,1.47
11 Feb 2026,07:15,England,Premier League 2025/2026,West Ham,Manchester Utd,Upcoming,https://www.oddsportal.com/football/h2h/manchester-united-ppjDR086/west-ham-Cxq57r8g/#0OUQMk3e,No,No,,,,,,,,,,,,1.4,5.25,6.5,1.8,2.63,6.5,1.67,3.0,5.5,1.02,17.0,1.17,5.0,1.5,2.63,2.3,1.62,4.0,1.25,7.0,1.1,1.75,2.0,4.0,1.22,3.25,1.33,1.14,5.5,1.11,1.17,2.75,1.1,1.44,1.91,1.12,1.33,2.06
31 Dec 2025,06:30,England,Premier League 2025/2026,Burnley,Newcastle,Upcoming,https://www.oddsportal.com/football/h2h/burnley-z3dmTMMO/newcastle-utd-p6ahwuwJ/#OphrJSJH,No,No,,,,,,,,,,,,1.3,5.5,9.5,1.73,2.75,8.0,1.57,3.0,6.5,1.03,15.0,1.17,5.0,1.57,2.38,2.38,1.57,4.33,1.22,8.0,1.08,1.91,1.91,4.5,1.18,3.5,1.29,1.1,7.0,1.07,1.14,3.4,1.08,1.4,2.0,1.1,1.32,2.18
1 Sep 2026,05:00,England,Premier League,Aston Villa,Arsenal,Upcoming,https://www.oddsportal.com/football/h2h/arsenal-hA1Zm19f/aston-villa-W00wmLO0/#roTgQO9m,No,No,,,,,,,,,,,,4.2,3.5,1.9,4.75,2.1,2.5,4.0,2.38,2.25,1.07,9.0,1.33,3.4,2.1,1.73,3.75,1.29,7.0,1.1,15.0,1.03,1.95,1.8,5.0,1.17,3.75,1.25,3.0,1.36,1.91,1.29,1.22,1.5,1.67,1.17,1.56,1.48,1.22
20 Sep 2026,00:00,England,Premier League,Manchester City,Sunderland,Upcoming,https://www.oddsportal.com/football/h2h/manchester-city-Wtn9Stg0/sunderland-WSzc94ws/#jXgzLlk5,No,No,,,,,,,,,,,,1.25,6.5,10.0,1.62,2.88,8.5,1.5,3.2,7.0,1.01,21.0,1.14,5.5,1.44,2.75,2.2,1.67,3.75,1.29,6.5,1.11,1.91,1.91,4.33,1.2,3.4,1.3,1.08,8.0,1.06,1.11,3.75,1.05,1.4,2.2,1.09,1.29,2.33
20 Dec 2026,02:00,England,Premier League,Nottingham,Everton,Upcoming,https://www.oddsportal.com/football/h2h/everton-KluSTr9s/nottingham-UsushcZr/#rRpBKKwP,No,No,,,,,,,,,,,,2.05,3.25,3.9,2.75,2.1,4.33,2.38,2.38,3.75,1.07,8.5,1.33,3.4,2.1,1.73,3.75,1.29,8.0,1.08,17.0,1.02,1.91,1.91,5.0,1.17,3.5,1.29,1.44,2.63,1.25,1.33,1.73,1.2,1.67,1.4,1.25,1.52,1.49
23 Aug 2026,02:30,England,Premier League,Brentford,Tottenham,Upcoming,https://www.oddsportal.com/football/h2h/brentford-xYe7DwID/tottenham-UDg08Ohm/#AyR0yAZo,No,No,,,,,,,,,,,,2.5,3.3,2.88,3.1,2.2,3.4,2.75,2.4,2.88,1.06,10.0,1.29,3.75,1.91,1.91,3.4,1.33,6.5,1.11,13.0,1.04,1.7,2.05,4.5,1.18,3.25,1.33,1.73,2.0,1.4,1.33,1.5,1.3,1.62,1.36,1.32,1.48,1.42
11 Oct 2026,01:00,England,Premier League,Chelsea,Bournemouth,Upcoming,https://www.oddsportal.com/football/h2h/bournemouth-OtpNdwrc/chelsea-4fGZN2oK/#GbR1O2v0,No,No,,,,,,,,,,,,3.3,3.75,2.05,3.6,2.4,2.6,3.25,2.63,2.3,1.02,17.0,1.17,5.0,1.57,2.38,2.38,1.57,4.33,1.22,8.0,1.08,1.5,2.5,3.75,1.25,2.63,1.44,2.5,1.5,1.73,1.25,1.33,1.5,1.53,1.25,1.54,1.4,1.29
6 Sep 2026,00:00,England,Premier League,Fulham,Crystal Palace,Upcoming,https://www.oddsportal.com/football/h2h/crystal-palace-AovF1Mia/fulham-69ZiU2Om/#l8cJOWkt,No,No,,,,,,,,,,,,2.4,3.4,2.9,3.0,2.2,3.5,2.63,2.4,3.0,1.06,10.0,1.3,3.5,1.91,1.91,3.4,1.33,6.5,1.11,13.0,1.04,1.75,2.0,4.5,1.18,3.25,1.33,1.73,2.0,1.4,1.3,1.53,1.29,1.62,1.36,1.33,1.49,1.4
3 Aug 2026,06:00,World,Premier League Summer Series,Liverpool,Leeds,Upcoming,https://www.oddsportal.com/football/h2h/leeds-tUxUbLR2/liverpool-lId4TMwf/#dY0RMAKh,No,No,,,,,,,,,,,,4.2,4.0,1.75,4.5,2.3,2.3,4.0,2.6,2.05,1.04,13.0,1.22,4.33,1.73,2.1,2.75,1.44,5.0,1.17,11.0,1.05,1.7,2.05,4.33,1.2,3.25,1.33,3.25,1.33,2.0,1.22,1.22,1.57,1.57,1.17,1.67,1.42,1.2
31 Dec 2025,06:30,England,Premier League 2025/2026,West Ham,Brighton,Upcoming,https://www.oddsportal.com/football/h2h/brighton-2XrRecc3/west-ham-Cxq57r8g/#z1s3Mt9C,No,No,,,,,,,,,,,,1.6,4.2,5.25,2.05,2.5,5.0,1.91,2.75,4.5,1.03,15.0,1.17,5.0,1.62,2.3,2.38,1.57,4.33,1.22,8.0,1.08,1.62,2.2,4.0,1.22,3.0,1.36,1.22,4.0,1.17,1.22,2.3,1.14,1.5,1.73,1.18,1.38,1.77
31 Dec 2025,07:15,England,Premier League 2025/2026,Manchester Utd,Wolves,Upcoming,https://www.oddsportal.com/football/h2h/manchester-united-ppjDR086/wolves-j3Azpf5d/#WjF9Zm4b,No,No,,,,,,,,,,,,4.75,4.0,1.67,5.0,2.38,2.2,4.33,2.63,1.95,1.04,13.0,1.22,4.33,1.73,2.1,2.75,1.44,5.0,1.17,10.0,1.06,1.7,2.05,4.33,1.2,3.25,1.33,3.5,1.29,2.15,1.22,1.18,1.62,1.53,1.14,1.73,1.41,1.18
18 Oct 2026,01:00,England,Premier League,Everton,Chelsea,Upcoming,https://www.oddsportal.com/football/h2h/chelsea-4fGZN2oK/everton-KluSTr9s/#COkrlmJi,No,No,,,,,,,,,,,,1.73,3.75,4.75,2.3,2.25,5.0,2.05,2.5,4.33,1.05,11.0,1.25,4.0,1.85,2.0,3.2,1.36,5.5,1.14,11.0,1.05,1.8,1.95,4.5,1.18,3.4,1.3,1.29,3.5,1.18,1.25,2.05,1.14,1.57,1.57,1.19,1.44,1.69
25 Oct 2026,01:00,England,Premier League,Liverpool,Brighton,Upcoming,https://www.oddsportal.com/football/h2h/brighton-2XrRecc3/liverpool-lId4TMwf/#vysap5IG,No,No,,,,,,,,,,,,1.75,3.9,4.33,2.3,2.4,4.33,2.05,2.63,4.0,1.03,15.0,1.2,4.5,1.62,2.3,2.63,1.5,4.5,1.2,9.0,1.07,1.62,2.2,4.0,1.22,2.75,1.4,1.33,3.25,1.2,1.25,2.0,1.2,1.53,1.57,1.22,1.4,1.66
19 Feb 2026,07:00,England,Premier League 2025/2026,Wolves,Arsenal,Upcoming,https://www.oddsportal.com/football/h2h/arsenal-hA1Zm19f/wolves-j3Azpf5d/#4ISGXRYA,No,No,,,,,,,,,,,,1.11,9.0,21.0,1.4,3.2,17.0,1.3,3.6,13.0,1.02,17.0,1.14,5.5,1.5,2.63,2.2,1.67,3.75,1.29,7.0,1.1,2.63,1.44,6.5,1.11,4.5,1.18,1.02,19.0,1.01,1.07,6.5,,1.36,2.75,1.03,1.24,2.92
22 Mar 2026,02:00,England,Premier League 2025/2026,Fulham,Burnley,Upcoming,https://www.oddsportal.com/football/h2h/burnley-z3dmTMMO/fulham-69ZiU2Om/#dG7eQqRp,No,No,,,,,,,,,,,,3.9,3.5,1.95,4.33,2.1,2.6,3.75,2.4,2.3,1.07,9.0,1.36,3.2,2.1,1.73,3.75,1.29,8.0,1.08,17.0,1.02,1.8,1.95,5.0,1.17,3.5,1.29,2.75,1.4,1.8,1.29,1.25,1.5,1.67,1.2,1.54,1.51,1.23
6 Dec 2026,02:00,England,Premier League,Newcastle,Sunderland,Upcoming,https://www.oddsportal.com/football/h2h/newcastle-utd-p6ahwuwJ/sunderland-WSzc94ws/#buEP0Q2c,No,No,,,,,,,,,,,,3.4,3.4,2.2,3.75,2.2,2.75,3.25,2.5,2.5,1.05,11.0,1.29,3.75,1.91,1.91,3.2,1.36,6.0,1.13,13.0,1.04,1.7,2.05,4.33,1.2,3.25,1.33,2.38,1.53,1.67,1.3,1.3,1.4,1.62,1.25,1.5,1.46,1.28
6 Sep 2026,00:00,England,Premier League,Nottingham,Tottenham,Upcoming,https://www.oddsportal.com/football/h2h/nottingham-UsushcZr/tottenham-UDg08Ohm/#6oRwwNAj,No,No,,,,,,,,,,,,2.7,3.3,2.7,3.2,2.2,3.2,2.88,2.5,2.88,1.06,10.0,1.29,3.75,1.91,1.91,3.2,1.36,6.0,1.13,13.0,1.04,1.7,2.05,4.33,1.2,3.25,1.33,1.83,1.83,1.44,1.33,1.44,1.36,1.62,1.36,1.37,1.47,1.37
29 Aug 2026,05:00,England,Premier League,Crystal Palace,Manchester City,Upcoming,https://www.oddsportal.com/football/h2h/crystal-palace-AovF1Mia/manchester-city-Wtn9Stg0/#ILhjnRm4,No,No,,,,,,,,,,,,4.0,3.8,1.85,4.33,2.3,2.4,3.75,2.6,2.1,1.04,13.0,1.22,4.33,1.73,2.1,2.75,1.44,5.0,1.17,10.0,1.06,1.67,2.1,4.0,1.22,3.0,1.36,3.0,1.36,1.91,1.25,1.22,1.53,1.57,1.2,1.59,1.43,1.24
30 Aug 2026,23:00,England,Premier League,Leeds,Brentford,Upcoming,https://www.oddsportal.com/football/h2h/brentford-xYe7DwID/leeds-tUxUbLR2/#0pMPV53N,No,No,,,,,,,,,,,,2.15,3.3,3.6,2.75,2.1,4.0,2.5,2.38,3.5,1.07,9.0,1.36,3.2,2.1,1.73,4.0,1.25,8.0,1.08,17.0,1.02,1.91,1.91,5.0,1.17,3.5,1.29,1.5,2.5,1.29,1.33,1.67,1.22,1.67,1.4,1.26,1.54,1.46
23 Mar 2026,01:15,England,Premier League 2025/2026,Aston Villa,West Ham,Upcoming,https://www.oddsportal.com/football/h2h/aston-villa-W00wmLO0/west-ham-Cxq57r8g/#IsUQb4X9,No,No,,,,,,,,,,,,3.3,3.4,2.2,3.6,2.25,2.75,3.2,2.5,2.5,1.05,11.0,1.25,4.0,1.8,2.0,3.0,1.4,5.5,1.14,11.0,1.05,1.62,2.2,4.0,1.22,3.0,1.36,2.25,1.57,1.67,1.3,1.33,1.4,1.57,1.29,1.48,1.44,1.3
3 Jan 2027,02:00,England,Premier League,Chelsea,Newcastle,Upcoming,https://www.oddsportal.com/football/h2h/chelsea-4fGZN2oK/newcastle-utd-p6ahwuwJ/#EkHdki0D,No,No,,,,,,,,,,,,2.8,3.6,2.3,3.25,2.38,2.88,2.88,2.63,2.6,1.03,15.0,1.2,4.5,1.67,2.2,2.63,1.5,4.5,1.2,9.0,1.07,1.53,2.38,3.75,1.25,2.63,1.44,2.1,1.67,1.57,1.29,1.4,1.4,1.53,1.36,1.43,1.42,1.36
25 Oct 2026,01:00,England,Premier League,Manchester Utd,Bournemouth,Upcoming,https://www.oddsportal.com/football/h2h/bournemouth-OtpNdwrc/manchester-united-ppjDR086/#n1p7rqmT,No,No,,,,,,,,,,,,1.73,4.33,4.2,2.2,2.6,4.33,2.0,2.88,3.75,1.02,19.0,1.14,5.5,1.44,2.75,2.1,1.73,3.75,1.29,6.5,1.11,1.5,2.5,3.5,1.29,2.63,1.44,1.33,3.25,1.22,1.2,2.05,1.2,1.5,1.62,1.24,1.37,1.67
15 Mar 2026,07:00,England,Premier League 2025/2026,West Ham,Manchester City,Upcoming,https://www.oddsportal.com/football/h2h/manchester-city-Wtn9Stg0/west-ham-Cxq57r8g/#hzTmiDV0,No,No,,,,,,,,,,,,1.2,7.5,11.0,1.57,3.1,9.0,1.44,3.5,7.5,1.01,23.0,1.1,7.0,1.33,3.4,1.91,1.91,3.0,1.4,5.0,1.17,1.8,1.95,4.0,1.22,3.25,1.33,1.06,10.0,1.05,1.1,4.33,1.04,1.36,2.25,1.07,1.25,2.59
11 Oct 2026,01:00,England,Premier League,Sunderland,Brighton,Upcoming,https://www.oddsportal.com/football/h2h/brighton-2XrRecc3/sunderland-WSzc94ws/#hMmFxEG7,No,No,,,,,,,,,,,,1.85,3.7,4.1,2.4,2.25,4.5,2.2,2.5,4.0,1.05,11.0,1.29,3.75,1.88,1.98,3.2,1.36,6.0,1.13,13.0,1.04,1.75,2.0,4.5,1.18,3.4,1.3,1.36,3.0,1.22,1.29,1.91,1.17,1.57,1.53,1.22,1.44,1.62
17 Mar 2026,07:00,England,Premier League 2025/2026,Brentford,Wolves,Upcoming,https://www.oddsportal.com/football/h2h/brentford-xYe7DwID/wolves-j3Azpf5d/#vXpF7YFs,No,No,,,,,,,,,,,,3.4,3.4,2.1,4.0,2.2,2.75,3.4,2.4,2.4,1.06,10.0,1.3,3.5,2.0,1.85,3.4,1.33,6.5,1.11,13.0,1.04,1.75,2.0,4.5,1.18,3.4,1.3,2.5,1.5,1.7,1.3,1.3,1.4,1.62,1.22,1.44,1.48,1.28
15 Mar 2026,02:00,England,Premier League 2025/2026,Burnley,Bournemouth,Upcoming,https://www.oddsportal.com/football/h2h/bournemouth-OtpNdwrc/burnley-z3dmTMMO/#pdp7vzne,No,No,,,,,,,,,,,,1.48,4.5,6.25,1.91,2.6,6.0,1.73,2.88,5.0,1.03,15.0,1.2,4.5,1.62,2.3,2.5,1.53,4.5,1.2,8.0,1.08,1.7,2.05,4.0,1.22,3.25,1.33,1.17,5.0,1.13,1.18,2.63,1.11,1.5,1.8,1.15,1.35,1.92
20 Dec 2026,02:00,England,Premier League,Liverpool,Tottenham,Upcoming,https://www.oddsportal.com/football/h2h/liverpool-lId4TMwf/tottenham-UDg08Ohm/#Kn4rDfhK,No,No,,,,,,,,,,,,3.6,3.6,2.0,4.0,2.25,2.6,3.5,2.5,2.3,1.05,11.0,1.25,4.0,1.8,2.0,3.0,1.4,5.5,1.14,11.0,1.05,1.67,2.1,4.33,1.2,3.25,1.33,2.63,1.44,1.8,1.29,1.29,1.5,1.57,1.22,1.53,1.44,1.27
20 Sep 2026,00:00,England,Premier League,Leeds,Crystal Palace,Upcoming,https://www.oddsportal.com/football/h2h/crystal-palace-AovF1Mia/leeds-tUxUbLR2/#pAPugZ0l,No,No,,,,,,,,,,,,2.88,3.1,2.63,3.5,2.0,3.4,3.1,2.2,3.0,1.08,7.5,1.44,2.75,2.38,1.57,4.33,1.22,10.0,1.06,21.0,1.01,2.0,1.75,5.5,1.14,4.0,1.22,1.83,1.83,1.44,1.36,1.4,1.3,1.73,1.29,1.34,1.58,1.32
8 Nov 2026,02:00,England,Premier League,Manchester Utd,Aston Villa,Upcoming,https://www.oddsportal.com/football/h2h/aston-villa-W00wmLO0/manchester-united-ppjDR086/#OtdbtdHr,No,No,,,,,,,,,,,,2.0,3.7,3.6,2.5,2.38,4.0,2.25,2.63,3.5,1.04,13.0,1.2,4.5,1.67,2.2,2.63,1.5,4.5,1.2,9.0,1.07,1.57,2.25,3.75,1.25,2.75,1.4,1.44,2.63,1.29,1.29,1.8,1.22,1.53,1.5,1.27,1.41,1.56
3 Dec 2026,07:00,England,Premier League,Newcastle,Manchester Utd,Upcoming,https://www.oddsportal.com/football/h2h/manchester-united-ppjDR086/newcastle-utd-p6ahwuwJ/#fT0DGTbC,No,No,,,,,,,,,,,,2.5,3.7,2.6,3.0,2.4,3.1,2.63,2.63,2.75,1.03,15.0,1.17,5.0,1.57,2.38,2.38,1.57,4.33,1.22,8.0,1.08,1.5,2.5,3.75,1.25,2.63,1.44,1.83,1.83,1.5,1.29,1.5,1.36,1.53,1.36,1.38,1.41,1.42
25 Oct 2026,01:00,England,Premier League,Arsenal,Everton,Upcoming,https://www.oddsportal.com/football/h2h/arsenal-hA1Zm19f/everton-KluSTr9s/#hCp10H8E,No,No,,,,,,,,,,,,6.25,4.1,1.53,6.5,2.3,2.05,5.5,2.5,1.83,1.05,11.0,1.3,3.5,1.95,1.9,3.4,1.33,6.0,1.13,13.0,1.04,2.0,1.75,5.5,1.14,3.75,1.25,4.5,1.18,2.38,1.22,1.13,1.73,1.57,1.1,1.82,1.42,1.14
3 Jan 2027,02:00,England,Premier League,Nottingham,Fulham,Upcoming,https://www.oddsportal.com/football/h2h/fulham-69ZiU2Om/nottingham-UsushcZr/#QPr9bewR,No,No,,,,,,,,,,,,2.63,3.3,2.75,3.2,2.2,3.25,2.88,2.4,2.88,1.06,10.0,1.29,3.75,1.91,1.91,3.4,1.33,6.5,1.11,13.0,1.04,1.7,2.05,4.5,1.18,3.25,1.33,1.83,1.83,1.4,1.33,1.44,1.33,1.62,1.36,1.36,1.47,1.38
8 Nov 2026,02:00,England,Premier League,Nottingham,Manchester City,Upcoming,https://www.oddsportal.com/football/h2h/manchester-city-Wtn9Stg0/nottingham-UsushcZr/#0tWDE7TO,No,No,,,,,,,,,,,,5.0,4.2,1.62,5.0,2.4,2.1,4.33,2.75,1.91,1.03,15.0,1.2,4.5,1.62,2.3,2.63,1.5,4.5,1.2,9.0,1.07,1.67,2.1,4.0,1.22,3.0,1.36,3.75,1.25,2.25,1.22,1.17,1.67,1.53,1.14,1.76,1.38,1.19
4 Mar 2026,06:30,England,Premier League 2025/2026,Everton,Burnley,Upcoming,https://www.oddsportal.com/football/h2h/burnley-z3dmTMMO/everton-KluSTr9s/#E9uv2UqJ,No,No,,,,,,,,,,,,3.6,3.1,2.2,4.33,1.95,3.0,3.6,2.2,2.63,1.11,6.5,1.5,2.63,2.63,1.5,5.0,1.17,11.0,1.05,23.0,1.01,2.05,1.7,6.0,1.13,4.33,1.2,2.5,1.5,1.67,1.36,1.29,1.36,1.8,1.2,1.45,1.56,1.24
7 Mar 2026,07:00,England,FA Cup,Wolves,Liverpool,Upcoming,https://www.oddsportal.com/football/h2h/liverpool-lId4TMwf/wolves-j3Azpf5d/#MF25IkUa,No,No,,,,,,,,,,,,1.22,7.0,11.0,1.62,2.88,8.5,1.5,3.25,7.0,1.01,21.0,1.14,5.5,1.44,2.75,2.1,1.73,3.5,1.3,6.0,1.13,1.91,1.91,4.33,1.2,3.4,1.3,1.08,8.0,1.05,1.1,4.0,1.05,1.4,2.2,1.08,1.28,2.38
13 Sep 2026,00:00,England,Premier League,Bournemouth,Brentford,Upcoming,https://www.oddsportal.com/football/h2h/bournemouth-OtpNdwrc/brentford-xYe7DwID/#8CxW3jF6,No,No,,,,,,,,,,,,2.25,3.4,3.2,2.88,2.2,3.6,2.6,2.5,3.1,1.05,11.0,1.29,3.75,1.93,1.93,3.2,1.36,6.0,1.13,13.0,1.04,1.7,2.05,4.33,1.2,3.25,1.33,1.62,2.2,1.36,1.3,1.62,1.29,1.62,1.4,1.32,1.45,1.44
5 Mar 2026,06:30,England,Premier League 2025/2026,Fulham,West Ham,Upcoming,https://www.oddsportal.com/football/h2h/fulham-69ZiU2Om/west-ham-Cxq57r8g/#CKaWWlqg,No,No,,,,,,,,,,,,3.0,3.3,2.35,3.4,2.2,3.0,3.0,2.5,2.63,1.06,10.0,1.29,3.75,1.95,1.9,3.4,1.33,6.0,1.13,13.0,1.04,1.67,2.1,4.33,1.2,3.25,1.33,2.1,1.67,1.57,1.33,1.36,1.36,1.62,1.3,1.42,1.47,1.33
20 Sep 2026,00:00,England,Premier League,Brighton,Arsenal,Upcoming,https://www.oddsportal.com/football/h2h/arsenal-hA1Zm19f/brighton-2XrRecc3/#CpqN5Cpf,No,No,,,,,,,,,,,,1.33,5.5,8.0,1.73,2.75,7.5,1.57,3.0,6.5,1.02,17.0,1.17,5.0,1.53,2.5,2.3,1.62,4.0,1.25,7.0,1.1,1.8,1.95,4.33,1.2,3.4,1.3,1.11,6.5,1.08,1.14,3.25,1.07,1.4,2.0,1.1,1.31,2.18
20 Dec 2026,02:00,England,Premier League,Chelsea,Aston Villa,Upcoming,https://www.oddsportal.com/football/h2h/aston-villa-W00wmLO0/chelsea-4fGZN2oK/#f5IQPXyQ,No,No,,,,,,,,,,,,1.75,4.0,4.2,2.3,2.38,4.5,2.05,2.63,4.0,1.04,13.0,1.2,4.5,1.67,2.2,2.63,1.5,4.5,1.2,9.0,1.07,1.67,2.1,4.0,1.22,3.0,1.36,1.33,3.25,1.22,1.22,2.0,1.17,1.53,1.57,1.21,1.4,1.7
31 Jul 2026,09:30,World,Premier League Summer Series,Sunderland,Leeds,Upcoming,https://www.oddsportal.com/football/h2h/leeds-tUxUbLR2/sunderland-WSzc94ws/#j5BNYAEt,No,No,,,,,,,,,,,,2.9,3.2,2.55,3.6,2.0,3.25,3.1,2.25,2.88,1.08,7.5,1.44,2.75,2.38,1.57,4.5,1.2,10.0,1.06,21.0,1.01,1.95,1.8,5.5,1.14,4.0,1.22,2.0,1.73,1.5,1.36,1.4,1.33,1.73,1.29,1.36,1.56,1.31
31 Dec 2025,06:30,England,Premier League 2025/2026,Burnley,Newcastle,Upcoming,https://www.oddsportal.com/football/h2h/burnley-z3dmTMMO/newcastle-utd-p6ahwuwJ/#pWIKAbSj,No,No,,,,,,,,,,,,5.5,4.2,1.57,5.5,2.38,2.05,5.0,2.63,1.91,1.04,13.0,1.25,4.0,1.8,2.0,3.0,1.4,5.5,1.14,11.0,1.05,1.8,1.95,4.5,1.18,3.5,1.29,4.0,1.22,2.3,1.22,1.14,1.73,1.53,1.13,1.8,1.4,1.16
20 Dec 2026,02:00,England,Premier League,Nottingham,Everton,Upcoming,https://www.oddsportal.com/football/h2h/everton-KluSTr9s/nottingham-UsushcZr/#zLX2NyCd,No,No,,,,,,,,,,,,1.83,3.5,4.2,2.5,2.1,5.0,2.2,2.38,4.33,1.07,9.0,1.36,3.2,2.2,1.67,4.0,1.25,8.0,1.08,17.0,1.02,2.0,1.75,5.5,1.14,3.75,1.25,1.33,3.25,1.22,1.29,1.91,1.14,1.67,1.5,1.21,1.51,1.55
1 Nov 2026,02:00,England,Premier League,Tottenham,Crystal Palace,Upcoming,https://www.oddsportal.com/football/h2h/crystal-palace-AovF1Mia/tottenham-UDg08Ohm/#Qm9dKBam,No,No,,,,,,,,,,,,2.2,3.4,3.25,2.88,2.2,3.75,2.5,2.4,3.2,1.06,10.0,1.29,3.75,1.93,1.93,3.2,1.36,6.0,1.13,13.0,1.04,1.75,2.0,4.5,1.18,3.4,1.3,1.57,2.25,1.33,1.3,1.67,1.25,1.62,1.4,1.3,1.47,1.45
3 Aug 2026,06:00,World,Premier League Summer Series,Liverpool,Leeds,Upcoming,https://www.oddsportal.com/football/h2h/leeds-tUxUbLR2/liverpool-lId4TMwf/#UJhOUJJM,No,No,,,,,,,,,,,,1.48,4.5,6.5,1.95,2.4,6.5,1.8,2.75,5.5,1.04,13.0,1.22,4.33,1.73,2.1,2.75,1.44,5.0,1.17,10.0,1.06,1.8,1.95,4.5,1.18,3.4,1.3,1.17,5.0,1.1,1.18,2.63,1.1,1.53,1.8,1.14,1.4,1.85
31 Dec 2025,06:30,England,Premier League 2025/2026,West Ham,Brighton,Upcoming,https://www.oddsportal.com/football/h2h/brighton-2XrRecc3/west-ham-Cxq57r8g/#OtEcqJYF,No,No,,,,,,,,,,,,3.4,3.7,2.1,3.75,2.3,2.63,3.25,2.6,2.4,1.04,13.0,1.22,4.33,1.73,2.1,2.75,1.44,5.0,1.17,11.0,1.05,1.62,2.2,4.0,1.22,3.0,1.36,2.38,1.53,1.7,1.29,1.3,1.44,1.57,1.25,1.51,1.42,1.29
11 Oct 2026,01:00,England,Premier League,Chelsea,Bournemouth,Upcoming,https://www.oddsportal.com/football/h2h/bournemouth-OtpNdwrc/chelsea-4fGZN2oK/#0v17Y1Kc,No,No,,,,,,,,,,,,1.62,4.5,5.0,2.05,2.63,4.75,1.83,3.0,4.33,1.02,19.0,1.13,6.0,1.4,3.0,2.0,1.8,3.4,1.33,5.5,1.14,1.5,2.5,3.4,1.3,2.5,1.5,1.25,3.75,1.17,1.18,2.25,1.17,1.44,1.73,1.19,1.34,1.82
31 Dec 2025,07:15,England,Premier League 2025/2026,Manchester Utd,Wolves,Upcoming,https://www.oddsportal.com/football/h2h/manchester-united-ppjDR086/wolves-j3Azpf5d/#vgvfPcsp,No,No,,,,,,,,,,,,1.36,5.25,7.0,1.8,2.63,6.5,1.67,3.0,5.5,1.02,17.0,1.17,5.0,1.53,2.5,2.3,1.62,4.0,1.25,7.0,1.1,1.75,2.0,4.0,1.22,3.25,1.33,1.13,6.0,1.1,1.17,3.0,1.1,1.44,1.91,1.12,1.32,2.06
1 Sep 2026,05:00,England,Premier League,Aston Villa,Arsenal,Upcoming,https://www.oddsportal.com/football/h2h/arsenal-hA1Zm19f/aston-villa-W00wmLO0/#Kp3vVSD5,No,No,,,,,,,,,,,,1.36,5.25,7.5,1.8,2.5,7.5,1.67,2.88,6.5,1.03,15.0,1.22,4.33,1.67,2.2,2.75,1.44,5.0,1.17,10.0,1.06,1.95,1.8,5.0,1.17,3.75,1.25,1.11,6.5,1.1,1.17,3.0,1.07,1.5,1.91,1.1,1.35,2.09
2 Sep 2026,04:45,England,Championship,West Ham,Wolves,Upcoming,https://www.oddsportal.com/football/h2h/west-ham-Cxq57r8g/wolves-j3Azpf5d/#WtKChrTQ,No,No,,,,,,,,,,,,2.6,3.4,2.63,3.2,2.2,3.2,2.75,2.5,2.88,1.05,11.0,1.29,3.75,1.9,1.95,3.2,1.36,6.0,1.13,13.0,1.04,1.67,2.1,4.33,1.2,3.0,1.36,1.83,1.83,1.44,1.3,1.5,1.36,1.62,1.36,1.37,1.47,1.38
6 Sep 2026,00:00,England,Premier League,Fulham,Crystal Palace,Upcoming,https://www.oddsportal.com/football/h2h/crystal-palace-AovF1Mia/fulham-69ZiU2Om/#844FWukA,No,No,,,,,,,,,,,,2.2,3.25,3.4,2.88,2.1,4.0,2.6,2.3,3.4,1.07,8.5,1.36,3.2,2.1,1.73,4.0,1.25,8.0,1.08,17.0,1.02,1.91,1.91,5.0,1.17,3.75,1.25,1.53,2.38,1.3,1.33,1.67,1.22,1.67,1.4,1.28,1.51,1.44
20 Sep 2026,00:00,England,Premier League,Manchester City,Sunderland,Upcoming,https://www.oddsportal.com/football/h2h/manchester-city-Wtn9Stg0/sunderland-WSzc94ws/#SEKlou43,No,No,,,,,,,,,,,,7.0,5.0,1.42,6.5,2.5,1.91,5.5,2.75,1.73,1.03,15.0,1.2,4.5,1.62,2.3,2.63,1.5,4.5,1.2,9.0,1.07,1.8,1.95,4.5,1.18,3.4,1.3,5.0,1.17,2.75,1.17,1.1,1.8,1.5,1.1,1.93,1.37,1.13
23 Aug 2026,02:30,England,Premier League,Brentford,Tottenham,Upcoming,https://www.oddsportal.com/football/h2h/brentford-xYe7DwID/tottenham-UDg08Ohm/#EqdmT6rI,No,No,,,,,,,,,,,,2.4,3.5,2.88,3.0,2.2,3.5,2.63,2.4,3.0,1.06,10.0,1.3,3.5,1.98,1.88,3.4,1.33,6.5,1.11,13.0,1.04,1.75,2.0,4.5,1.18,3.4,1.3,1.73,2.0,1.4,1.29,1.53,1.29,1.62,1.36,1.33,1.5,1.4
13 Sep 2026,00:00,England,Premier League,Aston Villa,Nottingham,Upcoming,https://www.oddsportal.com/football/h2h/aston-villa-W00wmLO0/nottingham-UsushcZr/#GlW4sc3S,No,No,,,,,,,,,,,,1.91,3.5,4.0,2.5,2.25,4.33,2.2,2.5,3.75,1.05,11.0,1.29,3.75,1.88,1.98,3.2,1.36,6.0,1.13,13.0,1.04,1.75,2.0,4.5,1.18,3.25,1.33,1.36,3.0,1.22,1.29,1.83,1.2,1.57,1.5,1.24,1.45,1.56
25 Oct 2026,01:00,England,Premier League,Crystal Palace,Newcastle,Upcoming,https://www.oddsportal.com/football/h2h/crystal-palace-AovF1Mia/newcastle-utd-p6ahwuwJ/#AyZHW067,No,No,,,,,,,,,,,,1.67,4.1,4.75,2.2,2.38,5.0,1.95,2.63,4.33,1.04,13.0,1.22,4.33,1.73,2.1,2.75,1.44,5.0,1.17,10.0,1.06,1.7,2.05,4.33,1.2,3.25,1.33,1.25,3.75,1.18,1.22,2.15,1.14,1.53,1.62,1.21,1.4,1.71
29 Nov 2026,02:00,England,Premier League,Sunderland,Tottenham,Upcoming,https://www.oddsportal.com/football/h2h/sunderland-WSzc94ws/tottenham-UDg08Ohm/#xrR3f4bE,No,No,,,,,,,,,,,,1.95,3.5,3.9,2.6,2.1,4.5,2.3,2.38,3.75,1.07,9.0,1.33,3.4,2.1,1.73,3.75,1.29,7.0,1.1,15.0,1.03,1.91,1.91,5.0,1.17,3.75,1.25,1.4,2.75,1.25,1.29,1.8,1.17,1.67,1.5,1.22,1.5,1.54
12 Apr 2026,00:00,England,Premier League 2025/2026,Burnley,Brighton,Upcoming,https://www.oddsportal.com/football/h2h/brighton-2XrRecc3/burnley-z3dmTMMO/#8nBqzFe2,No,No,,,,,,,,,,,,1.44,4.5,7.0,1.95,2.5,6.5,1.73,2.75,5.5,1.04,13.0,1.22,4.33,1.73,2.1,2.75,1.44,5.0,1.17,10.0,1.06,1.91,1.91,4.5,1.18,3.5,1.29,1.14,5.5,1.1,1.18,2.63,1.11,1.5,1.8,1.13,1.37,1.93
13 Dec 2026,02:00,England,Premier League,Arsenal,Bournemouth,Upcoming,https://www.oddsportal.com/football/h2h/arsenal-hA1Zm19f/bournemouth-OtpNdwrc/#0M7yxyRk,No,No,,,,,,,,,,,,6.0,4.5,1.5,5.5,2.5,2.0,4.75,2.75,1.83,,,,,,,,,,,,,1.7,2.05,4.0,1.22,3.25,1.33,4.0,1.22,2.5,1.18,1.13,1.73,1.5,1.14,1.85,1.36,1.17
13 Aug 2026,04:30,World,Club Friendly,Leeds,Manchester Utd,Upcoming,https://www.oddsportal.com/football/h2h/leeds-tUxUbLR2/manchester-united-ppjDR086/#tds1zq7r,No,No,,,,,,,,,,,,2.8,3.2,2.6,3.4,2.2,3.2,2.88,2.4,2.88,1.06,9.5,1.3,3.5,2.0,1.8,3.4,1.33,6.5,1.11,13.0,1.04,1.7,2.05,4.5,1.18,3.25,1.33,1.91,1.8,1.5,1.36,1.4,1.36,1.62,1.3,1.37,1.49,1.37
8 Jan 2026,06:30,England,Premier League 2025/2026,Everton,Wolves,Upcoming,https://www.oddsportal.com/football/h2h/everton-KluSTr9s/wolves-j3Azpf5d/#vTARnDd5,No,No,,,,,,,,,,,,1.85,3.5,4.33,2.5,2.2,4.75,2.2,2.4,4.0,1.06,10.0,1.33,3.4,2.05,1.8,3.5,1.3,7.0,1.1,15.0,1.03,1.91,1.91,5.0,1.17,3.5,1.29,1.33,3.25,1.2,1.29,1.91,1.18,1.62,1.5,1.21,1.47,1.58
22 Nov 2026,02:00,England,Premier League,Brentford,Everton,Upcoming,https://www.oddsportal.com/football/h2h/brentford-xYe7DwID/everton-KluSTr9s/#QNuUsRE8,No,No,,,,,,,,,,,,3.0,3.6,2.56,3.0,3.6,2.56,3.0,3.6,2.56,1.08,8.0,1.36,3.2,2.2,1.67,4.0,1.25,8.0,1.08,17.0,1.02,1.91,1.91,5.0,1.17,3.5,1.29,1.67,2.1,1.36,1.36,1.53,1.29,1.73,1.36,1.32,1.52,1.39
7 Jan 2026,07:00,England,Premier League 2025/2026,West Ham,Nottingham,Upcoming,https://www.oddsportal.com/football/h2h/nottingham-UsushcZr/west-ham-Cxq57r8g/#IJV01CBb,No,No,,,,,,,,,,,,2.9,3.5,2.35,3.4,2.25,2.88,3.0,2.5,2.63,1.04,12.0,1.25,4.0,1.8,2.0,3.0,1.4,5.5,1.14,11.0,1.05,1.62,2.2,4.0,1.22,3.0,1.36,2.1,1.67,1.57,1.29,1.4,1.4,1.57,1.3,1.43,1.44,1.34
13 Sep 2026,00:00,England,Premier League,Liverpool,Fulham,Upcoming,https://www.oddsportal.com/football/h2h/fulham-69ZiU2Om/liverpool-lId4TMwf/#byvxt5qL,No,No,,,,,,,,,,,,4.0,3.75,1.85,4.5,2.25,2.4,4.0,2.5,2.2,1.05,11.0,1.25,4.0,1.85,2.0,3.0,1.4,5.5,1.14,11.0,1.05,1.75,2.0,4.33,1.2,3.4,1.3,3.0,1.36,1.91,1.25,1.22,1.53,1.57,1.17,1.58,1.46,1.22
13 Dec 2026,02:00,England,Premier League,Manchester City,Chelsea,Upcoming,https://www.oddsportal.com/football/h2h/chelsea-4fGZN2oK/manchester-city-Wtn9Stg0/#lMp9YMye,No,No,,,,,,,,,,,,1.5,5.0,5.5,1.91,2.75,5.0,1.73,3.1,4.75,1.01,21.0,1.1,7.0,1.36,3.2,1.91,1.91,3.0,1.4,5.0,1.17,1.5,2.5,3.4,1.3,2.5,1.5,1.2,4.33,1.14,1.17,2.5,1.14,1.4,1.8,1.16,1.31,1.95
6 Dec 2026,02:00,England,Premier League,Aston Villa,Crystal Palace,Upcoming,https://www.oddsportal.com/football/h2h/aston-villa-W00wmLO0/crystal-palace-AovF1Mia/#r1HIlZRh,No,No,,,,,,,,,,,,2.9,3.4,2.4,3.4,2.25,3.0,3.0,2.5,2.63,1.05,11.0,1.25,4.0,1.85,2.0,3.0,1.4,5.5,1.14,11.0,1.05,1.67,2.1,4.33,1.2,3.0,1.36,2.0,1.73,1.53,1.3,1.4,1.36,1.57,1.3,1.43,1.46,1.33
25 Aug 2026,05:00,England,Premier League,Fulham,Chelsea,Upcoming,https://www.oddsportal.com/football/h2h/chelsea-4fGZN2oK/fulham-69ZiU2Om/#Ct9ZpiRH,No,No,,,,,,,,,,,,3.7,3.5,2.0,4.0,2.2,2.6,3.6,2.5,2.3,1.05,11.0,1.29,3.75,1.93,1.93,3.2,1.36,6.0,1.13,13.0,1.04,1.75,2.0,4.5,1.18,3.4,1.3,2.63,1.44,1.8,1.29,1.29,1.5,1.62,1.22,1.52,1.46,1.26
6 Sep 2026,00:00,England,Premier League,Brentford,Sunderland,Upcoming,https://www.oddsportal.com/football/h2h/brentford-xYe7DwID/sunderland-WSzc94ws/#W42aqvjD,No,No,,,,,,,,,,,,2.05,3.3,3.75,2.75,2.0,4.5,2.4,2.25,4.0,1.1,7.0,1.44,2.75,2.38,1.57,4.5,1.2,10.0,1.06,21.0,1.01,2.05,1.7,6.0,1.13,4.0,1.22,1.4,2.75,1.25,1.33,1.8,1.17,1.73,1.4,1.22,1.55,1.52
27 Dec 2026,02:00,England,Premier League,Tottenham,Bournemouth,Upcoming,https://www.oddsportal.com/football/h2h/bournemouth-OtpNdwrc/tottenham-UDg08Ohm/#Ovaio0L0,No,No,,,,,,,,,,,,2.2,3.6,3.1,2.75,2.3,3.5,2.5,2.6,3.1,1.04,13.0,1.22,4.33,1.73,2.1,2.75,1.44,5.0,1.17,10.0,1.06,1.62,2.2,4.0,1.22,3.0,1.36,1.57,2.25,1.36,1.29,1.67,1.29,1.57,1.4,1.31,1.43,1.48
1 Nov 2026,02:00,England,Premier League,Manchester City,Brighton,Upcoming,https://www.oddsportal.com/football/h2h/brighton-2XrRecc3/manchester-city-Wtn9Stg0/#882rqVeU,No,No,,,,,,,,,,,,1.5,4.5,5.75,1.95,2.63,5.5,1.8,2.88,4.75,1.02,19.0,1.14,5.5,1.44,2.75,2.1,1.73,3.75,1.29,6.5,1.11,1.57,2.25,3.75,1.25,2.75,1.4,1.18,4.5,1.14,1.18,2.5,1.13,1.44,1.8,1.17,1.35,1.87
15 Sep 2026,05:00,England,Premier League,Leeds,Newcastle,Upcoming,https://www.oddsportal.com/football/h2h/leeds-tUxUbLR2/newcastle-utd-p6ahwuwJ/#d4sh3Ytn,No,No,,,,,,,,,,,,1.6,3.9,6.0,2.1,2.3,5.5,1.91,2.6,5.0,1.05,11.0,1.25,4.0,1.8,2.0,3.0,1.4,5.5,1.14,11.0,1.05,1.8,1.95,4.5,1.18,3.4,1.3,1.2,4.33,1.13,1.25,2.3,1.13,1.57,1.67,1.17,1.42,1.75
18 Jan 2026,02:00,England,Premier League 2025/2026,Tottenham,West Ham,Upcoming,https://www.oddsportal.com/football/h2h/tottenham-UDg08Ohm/west-ham-Cxq57r8g/#Uid9SlAc,No,No,,,,,,,,,,,,1.85,3.75,3.9,2.4,2.3,4.33,2.2,2.6,3.75,1.04,13.0,1.22,4.33,1.73,2.1,2.75,1.44,5.0,1.17,11.0,1.05,1.67,2.1,4.0,1.22,3.0,1.36,1.36,3.0,1.25,1.25,1.91,1.2,1.57,1.53,1.24,1.41,1.61
8 Jan 2026,07:15,England,Premier League 2025/2026,Burnley,Manchester Utd,Upcoming,https://www.oddsportal.com/football/h2h/burnley-z3dmTMMO/manchester-united-ppjDR086/#AZ3Bject,No,No,,,,,,,,,,,,4.75,3.9,1.7,5.0,2.3,2.25,4.33,2.6,2.05,1.05,11.0,1.25,4.0,1.8,2.0,3.2,1.36,5.5,1.14,11.0,1.05,1.8,1.95,4.5,1.18,3.4,1.3,3.5,1.29,2.1,1.25,1.18,1.57,1.57,1.14,1.67,1.43,1.2
14 Sep 2026,01:30,England,Premier League,Manchester Utd,Manchester City,Upcoming,https://www.oddsportal.com/football/h2h/manchester-city-Wtn9Stg0/manchester-united-ppjDR086/#Q5AqCTPG,No,No,,,,,,,,,,,,2.9,3.6,2.3,3.2,2.5,2.75,2.88,2.75,2.5,1.03,15.0,1.17,5.0,1.53,2.5,2.3,1.62,4.0,1.25,7.0,1.1,1.44,2.63,3.4,1.3,2.5,1.5,2.1,1.67,1.57,1.29,1.4,1.4,1.5,1.36,1.47,1.39,1.35
1 Nov 2026,02:00,England,Premier League,Liverpool,Arsenal,Upcoming,https://www.oddsportal.com/football/h2h/arsenal-hA1Zm19f/liverpool-lId4TMwf/#SC5rmMjl,No,No,,,,,,,,,,,,1.57,4.1,5.75,2.1,2.38,5.5,1.91,2.63,5.0,1.05,11.0,1.25,4.0,1.83,2.03,3.0,1.4,5.5,1.14,11.0,1.05,1.8,1.95,4.5,1.18,3.4,1.3,1.2,4.33,1.14,1.22,2.3,1.13,1.53,1.67,1.16,1.41,1.78
20 Dec 2026,02:00,England,Premier League,Sunderland,Crystal Palace,Upcoming,https://www.oddsportal.com/football/h2h/crystal-palace-AovF1Mia/sunderland-WSzc94ws/#xb9N4oIj,No,No,,,,,,,,,,,,2.4,3.2,3.1,3.1,2.05,3.75,2.75,2.3,3.2,1.08,8.0,1.36,3.2,2.2,1.67,4.0,1.25,8.0,1.08,17.0,1.02,1.91,1.91,5.5,1.14,3.75,1.25,1.67,2.1,1.36,1.36,1.53,1.25,1.73,1.36,1.3,1.53,1.4
20 Dec 2026,02:00,England,Premier League,Leeds,Fulham,Upcoming,https://www.oddsportal.com/football/h2h/fulham-69ZiU2Om/leeds-tUxUbLR2/#dQISFBQi,No,No,,,,,,,,,,,,2.35,3.4,3.0,3.0,2.2,3.5,2.63,2.5,3.1,1.05,11.0,1.29,3.75,1.93,1.93,3.2,1.36,6.0,1.13,13.0,1.04,1.7,2.05,4.33,1.2,3.25,1.33,1.67,2.1,1.36,1.3,1.57,1.29,1.62,1.36,1.32,1.48,1.43
18 Oct 2026,01:00,England,Premier League,Nottingham,Arsenal,Upcoming,https://www.oddsportal.com/football/h2h/arsenal-hA1Zm19f/nottingham-UsushcZr/#YVDiA7fT,No,No,,,,,,,,,,,,5.5,3.9,1.62,6.0,2.2,2.2,5.0,2.5,1.95,1.06,9.5,1.33,3.4,2.0,1.8,3.75,1.29,7.0,1.1,15.0,1.03,2.0,1.75,5.5,1.14,4.0,1.22,4.0,1.22,2.25,1.25,1.14,1.62,1.62,1.11,1.75,1.47,1.15
18 Jan 2026,02:00,England,Premier League 2025/2026,Liverpool,Burnley,Upcoming,https://www.oddsportal.com/football/h2h/burnley-z3dmTMMO/liverpool-lId4TMwf/#4jMzEke4,No,No,,,,,,,,,,,,1.22,6.5,12.0,1.62,2.75,9.5,1.5,3.2,7.5,1.02,19.0,1.17,5.0,1.53,2.5,2.38,1.57,4.0,1.25,8.0,1.08,2.05,1.7,5.0,1.17,3.75,1.25,1.07,9.0,1.05,1.11,4.0,1.04,1.4,2.2,1.07,1.29,2.42
19 Sep 2026,05:00,England,Premier League,Brentford,Chelsea,Upcoming,https://www.oddsportal.com/football/h2h/brentford-xYe7DwID/chelsea-4fGZN2oK/#IsEmh8Yp,No,No,,,,,,,,,,,,1.85,3.75,4.1,2.4,2.4,4.0,2.2,2.63,3.6,1.03,15.0,1.2,4.5,1.62,2.3,2.5,1.53,4.5,1.2,8.0,1.08,1.53,2.38,3.75,1.25,2.75,1.4,1.4,2.75,1.22,1.25,1.91,1.22,1.53,1.53,1.26,1.4,1.6
3 Dec 2026,07:00,England,Premier League,Bournemouth,Brighton,Upcoming,https://www.oddsportal.com/football/h2h/bournemouth-OtpNdwrc/brighton-2XrRecc3/#MBSHcUAN,No,No,,,,,,,,,,,,1.95,3.75,3.7,2.4,2.5,3.75,2.2,2.75,3.5,1.02,19.0,1.14,5.5,1.5,2.63,2.2,1.67,3.75,1.29,6.5,1.11,1.44,2.63,3.4,1.3,2.5,1.5,1.44,2.63,1.25,1.25,1.83,1.25,1.5,1.53,1.25,1.38,1.57
24 Jan 2026,23:30,England,Premier League 2025/2026,West Ham,Sunderland,Upcoming,https://www.oddsportal.com/football/h2h/sunderland-WSzc94ws/west-ham-Cxq57r8g/#0bi7ZdNs,No,No,,,,,,,,,,,,2.2,3.3,3.25,2.88,2.1,3.75,2.6,2.38,3.25,1.06,10.0,1.33,3.4,2.05,1.8,3.5,1.3,7.0,1.1,15.0,1.03,1.8,1.95,5.0,1.17,3.4,1.3,,,1.33,1.33,1.67,1.25,1.67,1.4,1.29,1.48,1.46
19 Jan 2026,01:00,England,Premier League 2025/2026,Wolves,Newcastle,Upcoming,https://www.oddsportal.com/football/h2h/newcastle-utd-p6ahwuwJ/wolves-j3Azpf5d/#QJkIQSvA,No,No,,,,,,,,,,,,4.5,4.0,1.7,4.5,2.4,2.2,4.0,2.75,2.0,1.03,15.0,1.2,4.5,1.62,2.3,2.5,1.53,4.5,1.2,8.0,1.08,1.62,2.2,3.75,1.25,2.75,1.4,3.4,1.3,2.1,1.22,1.18,1.62,1.53,1.17,1.72,1.39,1.22
3 Dec 2026,07:00,England,Premier League,Aston Villa,Everton,Upcoming,https://www.oddsportal.com/football/h2h/aston-villa-W00wmLO0/everton-KluSTr9s/#QqZ8ajtB,No,No,,,,,,,,,,,,1.62,3.9,5.75,2.1,2.3,5.5,1.91,2.6,5.0,1.05,11.0,1.25,4.0,1.8,2.0,3.0,1.4,5.5,1.14,11.0,1.05,1.8,1.95,4.5,1.18,3.4,1.3,1.2,4.33,1.14,1.25,2.25,1.13,1.57,1.67,1.16,1.42,1.76
25 Jan 2026,02:00,England,Premier League 2025/2026,Manchester City,Wolves,Upcoming,https://www.oddsportal.com/football/h2h/manchester-city-Wtn9Stg0/wolves-j3Azpf5d/#E7IlHF7D,No,No,,,,,,,,,,,,1.3,5.75,9.0,1.73,2.75,8.0,1.57,3.0,6.5,1.02,17.0,1.17,5.0,1.53,2.5,2.38,1.57,4.0,1.25,8.0,1.08,1.95,1.8,4.5,1.18,3.5,1.29,,,1.07,1.14,3.4,1.08,1.4,2.0,1.09,1.32,2.19
1 Nov 2026,02:00,England,Premier League,Brentford,Nottingham,Upcoming,https://www.oddsportal.com/football/h2h/brentford-xYe7DwID/nottingham-UsushcZr/#4YS4HO1d,No,No,,,,,,,,,,,,1.85,3.6,4.33,2.4,2.2,4.75,2.2,2.4,4.0,1.06,10.0,1.3,3.5,2.0,1.85,3.4,1.33,6.5,1.11,15.0,1.03,1.8,1.95,5.0,1.17,3.5,1.29,1.33,3.25,1.2,1.29,1.91,1.17,1.62,1.53,1.21,1.46,1.61
25 Jan 2026,02:00,England,Premier League 2025/2026,Burnley,Tottenham,Upcoming,https://www.oddsportal.com/football/h2h/burnley-z3dmTMMO/tottenham-UDg08Ohm/#KtBiuSg3,No,No,,,,,,,,,,,,3.9,3.4,2.0,4.33,2.1,2.63,3.75,2.38,2.38,1.07,8.5,1.36,3.2,2.1,1.73,4.0,1.25,8.0,1.08,17.0,1.02,1.91,1.91,5.0,1.17,3.75,1.25,,,1.8,1.3,1.25,1.44,1.67,1.2,1.51,1.51,1.23
20 Sep 2026,23:00,England,Premier League,Bournemouth,Liverpool,Upcoming,https://www.oddsportal.com/football/h2h/bournemouth-OtpNdwrc/liverpool-lId4TMwf/#IHUdJpXq,No,No,,,,,,,,,,,,4.2,4.0,1.75,4.33,2.5,2.25,3.75,2.75,2.05,1.03,15.0,1.17,5.0,1.57,2.38,2.3,1.62,4.0,1.25,8.0,1.08,1.53,2.38,3.75,1.25,2.63,1.44,3.25,1.33,2.0,1.22,1.22,1.57,1.5,1.2,1.69,1.37,1.23
27 Dec 2026,02:00,England,Premier League,Fulham,Brighton,Upcoming,https://www.oddsportal.com/football/h2h/brighton-2XrRecc3/fulham-69ZiU2Om/#hhUuJyw1,No,No,,,,,,,,,,,,2.55,3.3,2.75,3.1,2.2,3.25,2.75,2.5,2.88,1.05,11.0,1.25,4.0,1.88,1.98,3.2,1.36,6.0,1.13,13.0,1.04,1.67,2.1,4.33,1.2,3.25,1.33,1.8,1.91,1.4,1.33,1.5,1.33,1.62,1.36,1.36,1.45,1.41
3 Dec 2026,07:00,England,Premier League,Chelsea,Crystal Palace,Upcoming,https://www.oddsportal.com/football/h2h/chelsea-4fGZN2oK/crystal-palace-AovF1Mia/#hf9aw6OF,No,No,,,,,,,,,,,,3.4,3.5,2.1,3.75,2.25,2.63,3.25,2.5,2.4,1.05,11.0,1.25,4.0,1.8,2.0,3.0,1.4,5.5,1.14,11.0,1.05,1.67,2.1,4.0,1.22,3.0,1.36,2.5,1.5,1.7,1.29,1.3,1.44,1.57,1.25,1.51,1.44,1.3
1 Feb 2026,02:00,England,Premier League 2025/2026,Wolves,Bournemouth,Upcoming,https://www.oddsportal.com/football/h2h/bournemouth-OtpNdwrc/wolves-j3Azpf5d/#Yo6ObDjg,No,No,,,,,,,,,,,,2.8,3.5,2.45,3.25,2.25,3.0,2.88,2.5,2.75,1.04,12.0,1.25,4.0,1.8,2.0,3.0,1.4,5.5,1.14,11.0,1.05,1.67,2.1,4.0,1.22,3.0,1.36,,,1.53,1.29,1.4,1.36,1.57,1.33,1.43,1.45,1.34
18 Oct 2026,01:00,England,Premier League,Newcastle,Aston Villa,Upcoming,https://www.oddsportal.com/football/h2h/aston-villa-W00wmLO0/newcastle-utd-p6ahwuwJ/#tEAzuJaK,No,No,,,,,,,,,,,,2.15,3.6,3.3,2.63,2.38,3.6,2.4,2.6,3.1,1.03,15.0,1.2,4.5,1.67,2.2,2.63,1.5,4.5,1.2,9.0,1.07,1.53,2.38,3.75,1.25,2.75,1.4,1.53,2.38,1.33,1.29,1.67,1.29,1.53,1.44,1.3,1.42,1.51
20 Dec 2026,02:00,England,Premier League,Arsenal,Manchester Utd,Upcoming,https://www.oddsportal.com/football/h2h/arsenal-hA1Zm19f/manchester-united-ppjDR086/#YqgQO69M,No,No,,,,,,,,,,,,1.53,4.5,5.75,2.0,2.4,6.0,1.83,2.75,5.0,1.03,15.0,1.22,4.33,1.67,2.2,2.75,1.44,5.0,1.17,10.0,1.06,1.75,2.0,4.33,1.2,3.4,1.3,1.2,4.33,1.14,1.18,2.38,1.11,1.53,1.73,1.15,1.38,1.84
13 Dec 2026,02:00,England,Premier League,Brighton,Everton,Upcoming,https://www.oddsportal.com/football/h2h/brighton-2XrRecc3/everton-KluSTr9s/#vPKFVEM6,No,No,,,,,,,,,,,,1.91,3.5,4.0,2.5,2.2,4.5,2.25,2.4,4.0,1.06,10.0,1.33,3.4,2.0,1.8,3.5,1.3,7.0,1.1,15.0,1.03,1.8,1.95,5.0,1.17,3.5,1.29,1.36,3.0,1.22,1.29,1.83,1.17,1.62,1.5,1.23,1.5,1.55
3 Jan 2027,02:00,England,Premier League,Leeds,Everton,Upcoming,https://www.oddsportal.com/football/h2h/everton-KluSTr9s/leeds-tUxUbLR2/#neRXKc8l,No,No,,,,,,,,,,,,2.5,3.2,2.9,3.2,2.05,3.6,2.88,2.3,3.1,1.08,8.0,1.4,3.0,2.2,1.67,4.33,1.22,9.0,1.07,19.0,1.02,1.95,1.8,5.5,1.14,3.75,1.25,1.73,2.0,1.4,1.36,1.5,1.29,1.73,1.36,1.3,1.55,1.38
1 Feb 2026,04:30,England,Premier League 2025/2026,Chelsea,West Ham,Upcoming,https://www.oddsportal.com/football/h2h/chelsea-4fGZN2oK/west-ham-Cxq57r8g/#nkONThiJ,No,No,,,,,,,,,,,,1.62,4.33,5.0,2.1,2.5,4.75,1.91,2.75,4.33,1.02,17.0,1.17,5.0,1.53,2.5,2.3,1.62,4.0,1.25,7.0,1.1,1.57,2.25,3.75,1.25,2.75,1.4,,,1.17,1.2,2.25,1.17,1.5,1.67,1.19,1.36,1.77
11 Oct 2026,01:00,England,Premier League,Crystal Palace,Nottingham,Upcoming,https://www.oddsportal.com/football/h2h/crystal-palace-AovF1Mia/nottingham-UsushcZr/#Quqcrh6C,No,No,,,,,,,,,,,,2.1,3.3,3.6,2.75,2.05,4.33,2.5,2.3,3.6,1.08,8.0,1.4,3.0,2.2,1.67,4.0,1.25,8.0,1.08,19.0,1.02,1.95,1.8,5.5,1.14,3.75,1.25,1.5,2.5,1.29,1.33,1.7,1.2,1.73,1.4,1.24,1.53,1.49
11 Oct 2026,01:00,England,Premier League,Arsenal,Leeds,Upcoming,https://www.oddsportal.com/football/h2h/arsenal-hA1Zm19f/leeds-tUxUbLR2/#Sp1AidqQ,No,No,,,,,,,,,,,,5.5,4.2,1.57,5.5,2.3,2.1,5.0,2.5,1.95,1.05,11.0,1.29,3.75,1.91,1.91,3.4,1.33,6.0,1.13,13.0,1.04,1.95,1.8,5.0,1.17,3.75,1.25,4.0,1.22,2.3,1.22,1.14,1.67,1.57,1.13,1.8,1.42,1.15
24 Aug 2026,01:30,England,Premier League,Newcastle,Liverpool,Upcoming,https://www.oddsportal.com/football/h2h/liverpool-lId4TMwf/newcastle-utd-p6ahwuwJ/#bTitnz7m,No,No,,,,,,,,,,,,1.62,4.33,4.75,2.1,2.6,4.5,1.91,2.88,4.0,1.02,19.0,1.14,5.5,1.44,2.75,2.1,1.73,3.5,1.3,6.0,1.13,1.5,2.5,3.5,1.29,2.63,1.44,1.25,3.75,1.18,1.2,2.25,1.17,1.5,1.67,1.21,1.35,1.77
21 Sep 2026,01:30,England,Premier League,Fulham,Manchester Utd,Upcoming,https://www.oddsportal.com/football/h2h/fulham-69ZiU2Om/manchester-united-ppjDR086/#hSpkpEy0,No,No,,,,,,,,,,,,1.53,4.75,5.25,2.0,2.63,5.0,1.8,2.88,4.5,1.01,21.0,1.14,5.5,1.5,2.63,2.2,1.67,3.75,1.29,6.5,1.11,1.57,2.25,3.75,1.25,2.75,1.4,1.22,4.0,1.17,1.18,2.38,1.14,1.44,1.73,1.17,1.34,1.87
11 Oct 2026,01:00,England,Premier League,Aston Villa,Brentford,Upcoming,https://www.oddsportal.com/football/h2h/aston-villa-W00wmLO0/brentford-xYe7DwID/#YBkFXzhf,No,No,,,,,,,,,,,,2.38,3.4,3.0,3.0,2.2,3.4,2.63,2.5,3.0,1.05,11.0,1.25,4.0,1.88,1.98,3.2,1.36,6.0,1.13,13.0,1.04,1.67,2.1,4.33,1.2,3.25,1.33,1.67,2.1,1.36,1.3,1.53,1.3,1.62,1.36,1.32,1.47,1.43
3 Feb 2026,07:00,England,Premier League 2025/2026,Sunderland,Burnley,Upcoming,https://www.oddsportal.com/football/h2h/burnley-z3dmTMMO/sunderland-WSzc94ws/#M7x6tWzP,No,No,,,,,,,,,,,,1.91,3.3,4.33,2.63,2.0,5.0,2.3,2.2,4.33,1.1,7.0,1.5,2.63,2.5,1.53,4.5,1.2,11.0,1.05,21.0,1.01,2.2,1.62,6.5,1.11,4.5,1.18,,,1.2,1.33,1.83,1.14,1.73,1.44,1.19,1.58,1.51
3 Jan 2027,02:00,England,Premier League,Manchester City,Tottenham,Upcoming,https://www.oddsportal.com/football/h2h/manchester-city-Wtn9Stg0/tottenham-UDg08Ohm/#CWHF0ZLt,No,No,,,,,,,,,,,,4.75,4.1,1.67,5.0,2.4,2.2,4.33,2.75,1.95,1.03,15.0,1.2,4.5,1.62,2.3,2.63,1.5,4.5,1.2,9.0,1.07,1.67,2.1,4.0,1.22,3.0,1.36,3.75,1.25,2.15,1.22,1.18,1.62,1.53,1.14,1.72,1.4,1.19
23 Aug 2026,00:00,England,Premier League,Nottingham,Leeds,Upcoming,https://www.oddsportal.com/football/h2h/leeds-tUxUbLR2/nottingham-UsushcZr/#raKBgwWA,No,No,,,,,,,,,,,,2.1,3.4,3.5,2.75,2.2,4.0,2.4,2.4,3.4,1.06,10.0,1.29,3.75,1.91,1.91,3.4,1.33,6.0,1.13,13.0,1.04,1.75,2.0,4.5,1.18,3.4,1.3,1.5,2.5,1.29,1.3,1.7,1.22,1.62,1.4,1.27,1.47,1.49
11 Oct 2026,01:00,England,Premier League,Manchester Utd,Tottenham,Upcoming,https://www.oddsportal.com/football/h2h/manchester-united-ppjDR086/tottenham-UDg08Ohm/#pQuhZ8pd,No,No,,,,,,,,,,,,1.6,4.5,4.75,2.05,2.6,4.75,1.83,2.88,4.33,1.02,17.0,1.14,5.5,1.5,2.63,2.2,1.67,3.75,1.29,7.0,1.1,1.53,2.38,3.75,1.25,2.63,1.44,1.25,3.75,1.18,1.18,2.3,1.17,1.5,1.73,1.19,1.36,1.79
6 Dec 2026,02:00,England,Premier League,Everton,Fulham,Upcoming,https://www.oddsportal.com/football/h2h/everton-KluSTr9s/fulham-69ZiU2Om/#MqW2ea1b,No,No,,,,,,,,,,,,2.1,3.4,3.5,2.75,2.25,3.75,2.4,2.5,3.4,1.06,10.0,1.29,3.75,1.91,1.91,3.2,1.36,6.0,1.13,13.0,1.04,1.7,2.05,4.33,1.2,3.25,1.33,1.5,2.5,1.29,1.3,1.7,1.25,1.57,1.4,1.29,1.46,1.49
8 Feb 2026,02:00,England,Premier League 2025/2026,Wolves,Chelsea,Upcoming,https://www.oddsportal.com/football/h2h/chelsea-4fGZN2oK/wolves-j3Azpf5d/#dMruej7F,No,No,,,,,,,,,,,,5.0,4.2,1.6,5.5,2.5,2.05,4.5,2.75,1.91,1.03,15.0,1.2,4.5,1.62,2.3,2.63,1.5,4.5,1.2,9.0,1.07,1.67,2.1,4.0,1.22,3.25,1.33,,,2.3,1.2,1.17,1.73,1.5,1.14,1.8,1.38,1.15
3 Jan 2027,02:00,England,Premier League,Bournemouth,Aston Villa,Upcoming,https://www.oddsportal.com/football/h2h/aston-villa-W00wmLO0/bournemouth-OtpNdwrc/#GUcueVkI,No,No,,,,,,,,,,,,2.8,3.6,2.4,3.25,2.38,2.88,2.88,2.63,2.6,1.03,15.0,1.2,4.5,1.62,2.3,2.5,1.53,4.5,1.2,9.0,1.07,1.53,2.38,3.75,1.25,2.75,1.4,2.1,1.67,1.53,1.29,1.4,1.4,1.53,1.33,1.43,1.42,1.36
13 Sep 2026,05:00,England,Premier League,Sunderland,Arsenal,Upcoming,https://www.oddsportal.com/football/h2h/arsenal-hA1Zm19f/sunderland-WSzc94ws/#K24WdiL5,No,No,,,,,,,,,,,,1.25,6.0,11.0,1.73,2.5,11.0,1.53,2.88,8.5,1.05,11.0,1.29,3.75,1.8,2.0,3.2,1.36,6.0,1.13,13.0,1.04,2.5,1.5,6.5,1.11,5.0,1.17,1.07,9.0,1.05,1.13,3.75,1.05,1.5,2.0,1.06,1.35,2.25
17 Aug 2026,01:00,England,Championship,Burnley,West Ham,Upcoming,https://www.oddsportal.com/football/h2h/burnley-z3dmTMMO/west-ham-Cxq57r8g/#UyEecLWo,No,No,,,,,,,,,,,,3.2,3.7,2.15,3.6,2.3,2.75,3.2,2.6,2.4,1.04,13.0,1.22,4.33,1.73,2.1,2.75,1.44,5.0,1.17,10.0,1.06,1.62,2.2,4.0,1.22,2.75,1.4,2.25,1.57,1.67,1.29,1.36,1.4,1.57,1.29,1.46,1.43,1.32
20 Dec 2026,02:00,England,Premier League,Brentford,Newcastle,Upcoming,https://www.oddsportal.com/football/h2h/brentford-xYe7DwID/newcastle-utd-p6ahwuwJ/#xKSwcCx3,No,No,,,,,,,,,,,,1.91,3.75,3.75,2.4,2.4,4.0,2.2,2.63,3.6,1.04,13.0,1.2,4.5,1.67,2.2,2.63,1.5,4.5,1.2,9.0,1.07,1.57,2.25,3.75,1.25,2.75,1.4,1.4,2.75,1.25,1.25,1.83,1.22,1.53,1.53,1.27,1.41,1.57
30 Aug 2026,02:30,England,Premier League,Tottenham,Newcastle,Upcoming,https://www.oddsportal.com/football/h2h/newcastle-utd-p6ahwuwJ/tottenham-UDg08Ohm/#OAseMS5E,No,No,,,,,,,,,,,,3.0,3.7,2.25,3.4,2.4,2.75,3.0,2.63,2.5,1.03,15.0,1.17,5.0,1.57,2.38,2.3,1.62,4.33,1.22,7.0,1.1,1.5,2.5,3.5,1.29,2.63,1.44,2.2,1.62,1.62,1.29,1.36,1.4,1.53,1.3,1.48,1.39,1.35
18 Oct 2026,01:00,England,Premier League,Brighton,Crystal Palace,Upcoming,https://www.oddsportal.com/football/h2h/brighton-2XrRecc3/crystal-palace-AovF1Mia/#lrdmg9KU,No,No,,,,,,,,,,,,2.2,3.3,3.4,2.75,2.2,3.75,2.5,2.4,3.25,1.06,10.0,1.29,3.75,1.91,1.91,3.4,1.33,6.5,1.11,13.0,1.04,1.7,2.05,4.5,1.18,3.25,1.33,1.53,2.38,1.3,1.33,1.67,1.25,1.62,1.4,1.29,1.47,1.47
22 Nov 2026,02:00,England,Premier League,Chelsea,Leeds,Upcoming,https://www.oddsportal.com/football/h2h/chelsea-4fGZN2oK/leeds-tUxUbLR2/#dpRRonU1,No,No,,,,,,,,,,,,1.53,4.33,5.75,2.0,2.5,5.5,1.83,2.75,5.0,1.03,15.0,1.2,4.5,1.67,2.2,2.63,1.5,4.5,1.2,9.0,1.07,1.75,2.0,4.33,1.2,3.25,1.33,1.2,4.33,1.14,1.2,2.38,1.13,1.5,1.73,1.15,1.37,1.86
11 Oct 2026,01:00,England,Premier League,Liverpool,Manchester City,Upcoming,https://www.oddsportal.com/football/h2h/liverpool-lId4TMwf/manchester-city-Wtn9Stg0/#lbnqyVFq,No,No,,,,,,,,,,,,2.1,3.9,3.0,2.6,2.5,3.4,2.38,2.75,3.0,1.02,17.0,1.14,5.5,1.44,2.75,2.1,1.73,3.75,1.29,6.5,1.11,1.44,2.63,3.4,1.3,2.5,1.5,1.57,2.25,1.36,1.25,1.7,1.3,1.5,1.5,1.34,1.37,1.52
30 Aug 2026,00:00,England,Premier League,Bournemouth,Everton,Upcoming,https://www.oddsportal.com/football/h2h/bournemouth-OtpNdwrc/everton-KluSTr9s/#rw7M7TjL,No,No,,,,,,,,,,,,2.3,3.5,3.0,2.88,2.3,3.4,2.6,2.6,3.0,1.04,13.0,1.22,4.33,1.73,2.1,2.63,1.5,5.0,1.17,10.0,1.06,1.57,2.25,3.75,1.25,2.75,1.4,1.67,2.1,1.36,1.29,1.57,1.3,1.57,1.4,1.33,1.43,1.46
23 Aug 2026,23:00,England,Premier League,Brighton,Aston Villa,Upcoming,https://www.oddsportal.com/football/h2h/aston-villa-W00wmLO0/brighton-2XrRecc3/#4nnmgUyS,No,No,,,,,,,,,,,,2.1,3.75,3.25,2.6,2.38,3.6,2.38,2.63,3.2,1.03,15.0,1.2,4.5,1.62,2.3,2.5,1.53,4.5,1.2,9.0,1.07,1.53,2.38,3.75,1.25,2.75,1.4,1.53,2.38,1.33,1.25,1.7,1.29,1.53,1.5,1.28,1.41,1.55
12 Feb 2026,06:30,England,Premier League 2025/2026,Crystal Palace,Burnley,Upcoming,https://www.oddsportal.com/football/h2h/burnley-z3dmTMMO/crystal-palace-AovF1Mia/#AP8E9kM8,No,No,,,,,,,,,,,,1.45,4.5,7.0,1.95,2.4,6.5,1.8,2.75,5.5,1.04,13.0,1.22,4.33,1.73,2.1,2.75,1.44,5.0,1.17,10.0,1.06,1.95,1.8,5.0,1.17,3.5,1.29,,,1.1,1.18,2.63,1.1,1.53,1.8,1.13,1.38,1.91
12 Feb 2026,06:30,England,Premier League 2025/2026,Nottingham,Wolves,Upcoming,https://www.oddsportal.com/football/h2h/nottingham-UsushcZr/wolves-j3Azpf5d/#Ami10oqe,No,No,,,,,,,,,,,,1.75,3.9,4.33,2.3,2.3,4.75,2.05,2.6,4.0,1.04,12.0,1.25,4.0,1.8,2.0,3.0,1.4,5.5,1.14,11.0,1.05,1.7,2.05,4.33,1.2,3.25,1.33,,,1.2,1.25,2.0,1.17,1.57,1.57,1.2,1.42,1.67
11 Feb 2026,07:15,England,Premier League 2025/2026,West Ham,Manchester Utd,Upcoming,https://www.oddsportal.com/football/h2h/manchester-united-ppjDR086/west-ham-Cxq57r8g/#Kxy4K6zR,No,No,,,,,,,,,,,,4.33,4.33,1.7,4.5,2.5,2.2,4.0,2.88,1.95,1.02,17.0,1.14,5.5,1.5,2.63,2.2,1.67,4.0,1.25,7.0,1.1,1.53,2.38,3.5,1.29,2.63,1.44,,,2.1,1.2,1.2,1.62,1.5,1.17,1.73,1.36,1.22
22 Nov 2026,02:00,England,Premier League,Manchester City,Fulham,Upcoming,https://www.oddsportal.com/football/h2h/fulham-69ZiU2Om/manchester-city-Wtn9Stg0/#2Nmg27Er,No,No,,,,,,,,,,,,1.36,5.5,7.5,1.8,2.75,6.0,1.67,3.0,5.5,1.01,21.0,1.14,5.5,1.44,2.75,2.1,1.73,3.5,1.3,6.5,1.11,1.67,2.1,3.75,1.25,2.75,1.4,1.14,5.5,1.1,1.14,3.0,1.11,1.4,1.91,1.14,1.31,2.06
26 Jul 2026,08:00,World,Premier League Summer Series,Liverpool,Sunderland,Upcoming,https://www.oddsportal.com/football/h2h/liverpool-lId4TMwf/sunderland-WSzc94ws/#W2uAbPD7,No,No,,,,,,,,,,,,4.33,3.8,1.75,4.5,2.3,2.3,4.0,2.6,2.05,1.05,11.0,1.25,4.0,1.8,2.0,3.0,1.4,5.5,1.14,11.0,1.05,1.7,2.05,4.33,1.2,3.25,1.33,3.4,1.3,2.0,1.25,1.2,1.57,1.57,1.17,1.66,1.42,1.21
8 Nov 2026,02:00,England,Premier League,Brighton,Brentford,Upcoming,https://www.oddsportal.com/football/h2h/brentford-xYe7DwID/brighton-2XrRecc3/#CzGrDOS0,No,No,,,,,,,,,,,,2.3,3.4,3.1,2.88,2.25,3.5,2.6,2.5,3.0,1.05,11.0,1.22,4.33,1.73,2.1,2.75,1.44,5.0,1.17,10.0,1.06,1.62,2.2,4.0,1.22,3.0,1.36,1.62,2.2,1.36,1.3,1.57,1.29,1.57,1.4,1.33,1.44,1.44
19 Feb 2026,07:00,England,Premier League 2025/2026,Wolves,Arsenal,Upcoming,https://www.oddsportal.com/football/h2h/arsenal-hA1Zm19f/wolves-j3Azpf5d/#rXDVZ0h4,No,No,,,,,,,,,,,,12.0,6.5,1.22,11.0,2.6,1.67,8.5,3.0,1.53,1.03,15.0,1.22,4.33,1.73,2.1,2.75,1.44,5.0,1.17,10.0,1.06,2.38,1.53,6.0,1.13,4.33,1.2,,,4.0,1.11,1.05,2.1,1.5,1.02,2.29,1.34,1.06
22 Feb 2026,02:00,England,Premier League 2025/2026,Chelsea,Burnley,Upcoming,https://www.oddsportal.com/football/h2h/burnley-z3dmTMMO/chelsea-4fGZN2oK/#IXIjB2cD,No,No,,,,,,,,,,,,1.25,6.25,11.0,1.62,2.88,9.0,1.5,3.2,7.5,1.02,19.0,1.14,5.5,1.5,2.63,2.2,1.67,3.75,1.29,6.5,1.11,1.95,1.8,4.5,1.18,3.5,1.29,,,1.05,1.13,3.75,1.04,1.4,2.2,1.07,1.28,2.45
3 Dec 2026,07:00,England,Premier League,Brentford,Arsenal,Upcoming,https://www.oddsportal.com/football/h2h/arsenal-hA1Zm19f/brentford-xYe7DwID/#lKNJm8ak,No,No,,,,,,,,,,,,5.0,3.75,1.67,5.0,2.25,2.25,4.5,2.5,2.0,1.05,11.0,1.29,3.75,1.9,1.95,3.2,1.36,6.0,1.13,13.0,1.04,1.8,1.95,4.5,1.18,3.5,1.29,3.75,1.25,2.15,1.25,1.17,1.57,1.57,1.14,1.68,1.43,1.15
27 Dec 2026,02:00,England,Premier League,Aston Villa,Leeds,Upcoming,https://www.oddsportal.com/football/h2h/aston-villa-W00wmLO0/leeds-tUxUbLR2/#G8MZEpbl,No,No,,,,,,,,,,,,1.83,3.6,4.33,2.38,2.3,4.5,2.1,2.6,4.0,1.05,11.0,1.25,4.0,1.8,2.0,3.0,1.4,5.5,1.14,11.0,1.05,1.67,2.1,4.33,1.2,3.25,1.33,1.33,3.25,1.2,1.29,1.91,1.17,1.57,1.53,1.23,1.43,1.61
29 Aug 2026,21:30,England,Premier League,Liverpool,Nottingham,Upcoming,https://www.oddsportal.com/football/h2h/liverpool-lId4TMwf/nottingham-UsushcZr/#bivQP1C6,No,No,,,,,,,,,,,,3.6,3.9,1.91,4.0,2.38,2.5,3.6,2.63,2.2,1.04,13.0,1.2,4.5,1.67,2.2,2.63,1.5,4.5,1.2,9.0,1.07,1.62,2.2,4.0,1.22,3.0,1.36,2.63,1.44,1.83,1.25,1.29,1.5,1.53,1.22,1.6,1.43,1.24
22 Feb 2026,04:30,England,Premier League 2025/2026,West Ham,Bournemouth,Upcoming,https://www.oddsportal.com/football/h2h/bournemouth-OtpNdwrc/west-ham-Cxq57r8g/#4laoTzJb,No,No,,,,,,,,,,,,2.75,3.6,2.45,3.2,2.4,2.88,2.75,2.63,2.63,1.03,15.0,1.17,5.0,1.57,2.38,2.38,1.57,4.33,1.22,8.0,1.08,1.5,2.5,3.75,1.25,2.63,1.44,,,1.53,1.29,1.4,1.4,1.53,1.36,1.43,1.41,1.37
30 Aug 2026,23:00,England,Premier League,Sunderland,Fulham,Upcoming,https://www.oddsportal.com/football/h2h/fulham-69ZiU2Om/sunderland-WSzc94ws/#IgfRNusJ,No,No,,,,,,,,,,,,2.88,3.25,2.5,3.5,2.1,3.1,3.1,2.4,2.75,1.06,9.5,1.3,3.5,2.0,1.8,3.5,1.3,6.5,1.11,15.0,1.03,1.75,2.0,4.5,1.18,3.4,1.3,2.1,1.67,1.5,1.33,1.4,1.36,1.67,1.29,1.4,1.5,1.33
27 Dec 2026,02:00,England,Premier League,Newcastle,Manchester City,Upcoming,https://www.oddsportal.com/football/h2h/manchester-city-Wtn9Stg0/newcastle-utd-p6ahwuwJ/#QwtIRNsf,No,No,,,,,,,,,,,,1.57,4.75,5.0,2.0,2.63,5.0,1.83,2.88,4.33,1.01,21.0,1.14,5.5,1.44,2.75,2.1,1.73,3.5,1.3,6.0,1.13,1.53,2.38,3.5,1.29,2.63,1.44,1.25,3.75,1.17,1.18,2.3,1.14,1.44,1.73,1.18,1.35,1.83
18 Oct 2026,01:00,England,Premier League,Bournemouth,Sunderland,Upcoming,https://www.oddsportal.com/football/h2h/bournemouth-OtpNdwrc/sunderland-WSzc94ws/#hOA1PhIN,No,No,,,,,,,,,,,,1.83,3.6,4.33,2.4,2.25,4.5,2.1,2.5,4.0,1.05,11.0,1.29,3.75,1.9,1.95,3.2,1.36,6.0,1.13,13.0,1.04,1.75,2.0,4.5,1.18,3.4,1.3,1.33,3.25,1.2,1.29,1.91,1.17,1.57,1.53,1.21,1.44,1.65
23 Feb 2026,01:00,England,Premier League 2025/2026,Crystal Palace,Wolves,Upcoming,https://www.oddsportal.com/football/h2h/crystal-palace-AovF1Mia/wolves-j3Azpf5d/#bTewZ5kK,No,No,,,,,,,,,,,,1.75,3.8,4.33,2.38,2.25,4.75,2.1,2.5,4.33,1.05,11.0,1.29,3.75,1.91,1.91,3.2,1.36,6.0,1.13,13.0,1.04,1.8,1.95,4.5,1.18,3.5,1.29,,,1.2,1.25,2.0,1.17,1.57,1.53,1.2,1.45,1.63
6 Dec 2026,02:00,England,Premier League,Tottenham,Arsenal,Upcoming,https://www.oddsportal.com/football/h2h/arsenal-hA1Zm19f/tottenham-UDg08Ohm/#rZAxVdln,No,No,,,,,,,,,,,,7.5,4.5,1.4,7.5,2.38,1.91,6.5,2.63,1.73,1.05,11.0,1.29,3.75,1.85,2.0,3.2,1.36,6.0,1.13,13.0,1.04,2.05,1.7,5.5,1.14,3.75,1.25,6.0,1.13,2.75,1.18,1.1,1.8,1.53,1.07,1.94,1.41,1.11
28 Feb 2026,07:00,England,Premier League 2025/2026,Wolves,Aston Villa,Upcoming,https://www.oddsportal.com/football/h2h/aston-villa-W00wmLO0/wolves-j3Azpf5d/#S4iAhinA,No,No,,,,,,,,,,,,4.75,3.7,1.75,5.0,2.25,2.3,4.33,2.5,2.1,1.05,11.0,1.29,3.75,1.91,1.91,3.4,1.33,6.0,1.13,13.0,1.04,1.8,1.95,4.5,1.18,3.5,1.29,3.5,1.29,2.0,1.29,1.18,1.57,1.57,1.14,1.66,1.44,1.19
6 Sep 2026,23:00,England,Premier League,Everton,Manchester Utd,Upcoming,https://www.oddsportal.com/football/h2h/everton-KluSTr9s/manchester-united-ppjDR086/#UBn9TqDs,No,No,,,,,,,,,,,,3.3,3.4,1.91,4.0,2.3,2.5,3.5,2.5,2.3,1.04,13.0,1.22,4.33,1.73,2.1,2.75,1.44,5.0,1.17,11.0,1.05,1.67,2.1,4.0,1.22,3.0,1.36,2.63,1.44,1.73,1.29,1.3,1.5,1.57,1.22,1.52,1.44,1.27
1 Mar 2026,02:00,England,Premier League 2025/2026,Liverpool,West Ham,Upcoming,https://www.oddsportal.com/football/h2h/liverpool-lId4TMwf/west-ham-Cxq57r8g/#KbUrxW1T,No,No,,,,,,,,,,,,1.4,5.0,7.0,1.8,2.75,6.0,1.67,3.0,5.5,1.01,21.0,1.14,5.5,1.44,2.75,2.1,1.73,3.5,1.3,6.0,1.13,1.62,2.2,3.75,1.25,2.75,1.4,1.14,5.5,1.1,1.17,2.75,1.11,1.4,1.91,1.14,1.32,2.0
3 Dec 2026,07:00,England,Premier League,Tottenham,Fulham,Upcoming,https://www.oddsportal.com/football/h2h/fulham-69ZiU2Om/tottenham-UDg08Ohm/#CSsSuE24,No,No,,,,,,,,,,,,2.05,3.6,3.5,2.6,2.38,3.75,2.3,2.6,3.4,1.04,13.0,1.2,4.5,1.67,2.2,2.63,1.5,4.5,1.2,9.0,1.07,1.57,2.25,3.75,1.25,2.75,1.4,1.44,2.63,1.29,1.29,1.73,1.25,1.53,1.5,1.28,1.43,1.52
13 Aug 2026,02:15,World,Club Friendly,Newcastle,Everton,Upcoming,https://www.oddsportal.com/football/h2h/everton-KluSTr9s/newcastle-utd-p6ahwuwJ/#Wxb1fDHc,No,No,,,,,,,,,,,,1.75,3.8,4.33,2.3,2.3,4.75,2.05,2.6,4.0,1.05,11.0,1.25,4.0,1.8,2.0,3.0,1.4,5.5,1.14,11.0,1.05,1.75,2.0,4.33,1.2,3.4,1.3,1.3,3.4,1.2,1.25,2.0,1.17,1.57,1.57,1.22,1.44,1.62
1 Mar 2026,02:00,England,Premier League 2025/2026,Burnley,Brentford,Upcoming,https://www.oddsportal.com/football/h2h/brentford-xYe7DwID/burnley-z3dmTMMO/#42vKszYi,No,No,,,,,,,,,,,,4.33,3.9,1.75,4.75,2.3,2.3,4.0,2.6,2.05,1.04,13.0,1.25,4.0,1.8,2.0,3.0,1.4,5.5,1.14,11.0,1.05,1.7,2.05,4.33,1.2,3.25,1.33,3.25,1.33,1.95,1.25,1.22,1.57,1.57,1.17,1.64,1.43,1.22
3 Dec 2026,07:00,England,Premier League,Manchester City,Leeds,Upcoming,https://www.oddsportal.com/football/h2h/leeds-tUxUbLR2/manchester-city-Wtn9Stg0/#YsWzvhXG,No,No,,,,,,,,,,,,4.75,3.9,1.7,5.0,2.3,2.25,4.33,2.6,2.0,1.04,12.0,1.25,4.0,1.83,2.03,3.0,1.4,5.5,1.14,11.0,1.05,1.8,1.95,4.5,1.18,3.4,1.3,3.5,1.29,2.1,1.25,1.18,1.57,1.57,1.14,1.68,1.44,1.19
4 Mar 2026,06:30,England,Premier League 2025/2026,Everton,Burnley,Upcoming,https://www.oddsportal.com/football/h2h/burnley-z3dmTMMO/everton-KluSTr9s/#t8Hq7j13,No,No,,,,,,,,,,,,1.62,3.8,5.75,2.2,2.2,6.0,1.95,2.4,5.0,1.07,9.0,1.36,3.2,2.1,1.73,3.75,1.29,8.0,1.08,17.0,1.02,2.05,1.7,6.0,1.13,4.0,1.22,1.22,4.0,1.14,1.25,2.25,1.11,1.62,1.62,1.15,1.46,1.72
13 Dec 2026,02:00,England,Premier League,Crystal Palace,Manchester Utd,Upcoming,https://www.oddsportal.com/football/h2h/crystal-palace-AovF1Mia/manchester-united-ppjDR086/#vqBFW9Pj,No,No,,,,,,,,,,,,1.53,4.33,5.75,2.0,2.4,6.0,1.83,2.75,5.0,1.04,13.0,1.22,4.33,1.73,2.1,2.75,1.44,5.0,1.17,10.0,1.06,1.8,1.95,4.5,1.18,3.4,1.3,1.18,4.5,1.14,1.2,2.38,1.11,1.53,1.73,1.15,1.39,1.84
7 Sep 2026,01:30,England,Premier League,Arsenal,Chelsea,Upcoming,https://www.oddsportal.com/football/h2h/arsenal-hA1Zm19f/chelsea-4fGZN2oK/#CE2gREmB,No,No,,,,,,,,,,,,1.53,4.2,6.0,2.0,2.4,6.0,1.83,2.75,5.0,1.04,13.0,1.22,4.33,1.67,2.2,2.75,1.44,5.0,1.17,10.0,1.06,1.8,1.95,4.33,1.2,3.4,1.3,1.18,4.5,1.13,1.22,2.38,1.11,1.53,1.73,1.15,1.39,1.84
31 Jul 2026,09:30,World,Premier League Summer Series,Sunderland,Leeds,Upcoming,https://www.oddsportal.com/football/h2h/leeds-tUxUbLR2/sunderland-WSzc94ws/#KYph380S,No,No,,,,,,,,,,,,1.8,3.5,4.5,2.4,2.2,5.0,2.1,2.4,4.33,1.07,9.0,1.33,3.4,2.1,1.73,3.75,1.29,7.0,1.1,15.0,1.03,1.95,1.8,5.5,1.14,3.75,1.25,1.3,3.4,1.18,1.29,1.95,1.14,1.62,1.53,1.2,1.48,1.62
6 Dec 2026,02:00,England,Premier League,Nottingham,Brighton,Upcoming,https://www.oddsportal.com/football/h2h/brighton-2XrRecc3/nottingham-UsushcZr/#lfdXJWuo,No,No,,,,,,,,,,,,2.1,3.5,3.5,2.63,2.2,4.0,2.4,2.5,3.4,1.05,11.0,1.29,3.75,1.95,1.9,3.4,1.33,6.0,1.13,13.0,1.04,1.75,2.0,4.5,1.18,3.4,1.3,1.5,2.5,1.29,1.29,1.7,1.22,1.62,1.44,1.27,1.47,1.49
20 Dec 2026,02:00,England,Premier League,Chelsea,Aston Villa,Upcoming,https://www.oddsportal.com/football/h2h/aston-villa-W00wmLO0/chelsea-4fGZN2oK/#Y1fIjVGM,No,No,,,,,,,,,,,,2.63,3.4,2.55,3.1,2.3,3.1,2.75,2.5,2.75,1.04,13.0,1.22,4.33,1.73,2.1,2.75,1.44,5.0,1.17,10.0,1.06,1.57,2.25,4.0,1.22,2.75,1.4,1.83,1.83,1.5,1.3,1.44,1.36,1.57,1.36,1.39,1.44,1.38
13 Sep 2026,00:00,England,Premier League,Bournemouth,Brentford,Upcoming,https://www.oddsportal.com/football/h2h/bournemouth-OtpNdwrc/brentford-xYe7DwID/#IZVlo9vp,No,No,,,,,,,,,,,,2.5,3.6,2.7,3.0,2.38,3.1,2.63,2.63,2.75,1.03,15.0,1.17,5.0,1.62,2.3,2.38,1.57,4.33,1.22,8.0,1.08,1.53,2.38,3.75,1.25,2.63,1.44,1.8,1.91,1.44,1.29,1.5,1.36,1.53,1.36,1.38,1.42,1.43
5 Mar 2026,06:30,England,Premier League 2025/2026,Fulham,West Ham,Upcoming,https://www.oddsportal.com/football/h2h/fulham-69ZiU2Om/west-ham-Cxq57r8g/#ELFi5UVF,No,No,,,,,,,,,,,,2.2,3.5,3.1,2.75,2.38,3.5,2.5,2.63,3.0,1.04,13.0,1.2,4.5,1.67,2.2,2.63,1.5,4.5,1.2,9.0,1.07,1.53,2.38,3.75,1.25,2.75,1.4,1.57,2.25,1.36,1.29,1.67,1.29,1.53,1.4,1.32,1.41,1.49
7 Mar 2026,07:00,England,FA Cup,Wolves,Liverpool,Upcoming,https://www.oddsportal.com/football/h2h/liverpool-lId4TMwf/wolves-j3Azpf5d/#WAZj1LUs,No,No,,,,,,,,,,,,6.5,4.75,1.42,6.5,2.5,1.91,5.5,2.88,1.73,1.03,15.0,1.17,5.0,1.57,2.38,2.38,1.57,4.33,1.22,8.0,1.08,1.8,1.95,4.33,1.2,3.4,1.3,5.5,1.14,2.75,1.18,1.11,1.8,1.5,1.1,1.99,1.35,1.13
8 Nov 2026,02:00,England,Premier League,Nottingham,Manchester City,Upcoming,https://www.oddsportal.com/football/h2h/manchester-city-Wtn9Stg0/nottingham-UsushcZr/#jHyOcnOk,No,No,,,,,,,,,,,,1.38,5.0,8.0,1.91,2.5,6.5,1.73,2.88,5.5,1.03,15.0,1.2,4.5,1.62,2.3,2.63,1.5,4.5,1.2,9.0,1.07,1.8,1.95,4.5,1.18,3.4,1.3,1.14,5.5,1.08,1.17,3.0,1.1,1.5,1.8,1.12,1.37,1.98
15 Mar 2026,02:00,England,Premier League 2025/2026,Burnley,Bournemouth,Upcoming,https://www.oddsportal.com/football/h2h/bournemouth-OtpNdwrc/burnley-z3dmTMMO/#8GUFeHbJ,No,No,,,,,,,,,,,,3.9,4.0,1.83,4.0,2.4,2.3,3.75,2.75,2.1,1.02,17.0,1.17,5.0,1.57,2.38,2.5,1.53,4.33,1.22,8.0,1.08,1.57,2.25,3.75,1.25,2.75,1.4,3.0,1.36,1.91,1.22,1.25,1.57,1.53,1.22,1.66,1.38,1.24
3 Dec 2026,07:00,England,Premier League,Newcastle,Manchester Utd,Upcoming,https://www.oddsportal.com/football/h2h/manchester-united-ppjDR086/newcastle-utd-p6ahwuwJ/#CWPWeQh2,No,No,,,,,,,,,,,,2.6,3.6,2.6,3.0,2.4,3.0,2.75,2.63,2.75,1.03,15.0,1.17,5.0,1.57,2.38,2.38,1.57,4.33,1.22,8.0,1.08,1.5,2.5,3.5,1.29,2.63,1.44,1.83,1.83,1.5,1.29,1.5,1.36,1.53,1.36,1.4,1.41,1.4
20 Sep 2026,00:00,England,Premier League,Brighton,Arsenal,Upcoming,https://www.oddsportal.com/football/h2h/arsenal-hA1Zm19f/brighton-2XrRecc3/#QaZdqm9d,No,No,,,,,,,,,,,,5.0,3.8,1.67,5.0,2.25,2.25,4.5,2.5,2.0,1.05,11.0,1.29,3.75,1.91,1.91,3.2,1.36,6.0,1.13,13.0,1.04,1.8,1.95,5.0,1.17,3.5,1.29,3.75,1.25,2.15,1.25,1.17,1.57,1.57,1.14,1.68,1.44,1.18
1 Nov 2026,02:00,England,Premier League,Tottenham,Crystal Palace,Upcoming,https://www.oddsportal.com/football/h2h/crystal-palace-AovF1Mia/tottenham-UDg08Ohm/#vwIIJTp9,No,No,,,,,,,,,,,,2.45,3.3,2.88,3.0,2.2,3.4,2.75,2.5,3.0,1.05,11.0,1.29,3.75,1.93,1.93,3.2,1.36,6.0,1.13,13.0,1.04,1.7,2.05,4.33,1.2,3.25,1.33,1.67,2.1,1.4,1.33,1.53,1.3,1.62,1.36,1.34,1.47,1.41
11 Oct 2026,01:00,England,Premier League,Sunderland,Brighton,Upcoming,https://www.oddsportal.com/football/h2h/brighton-2XrRecc3/sunderland-WSzc94ws/#0SK4C6ft,No,No,,,,,,,,,,,,3.6,3.6,2.0,4.33,2.2,2.63,3.6,2.4,2.38,1.06,10.0,1.33,3.4,2.0,1.8,3.5,1.3,6.5,1.11,15.0,1.03,1.8,1.95,4.5,1.18,3.5,1.29,2.5,1.5,1.73,1.29,1.29,1.44,1.62,1.2,1.52,1.48,1.26
20 Sep 2026,00:00,England,Premier League,Leeds,Crystal Palace,Upcoming,https://www.oddsportal.com/football/h2h/crystal-palace-AovF1Mia/leeds-tUxUbLR2/#0EuWc7um,No,No,,,,,,,,,,,,2.7,3.25,2.75,3.25,2.1,3.4,2.88,2.38,2.88,1.07,9.0,1.36,3.2,2.1,1.73,3.75,1.29,8.0,1.08,17.0,1.02,1.8,1.95,5.0,1.17,3.5,1.29,1.83,1.83,1.4,1.33,1.44,1.3,1.67,1.33,1.37,1.5,1.37
3 Jan 2027,02:00,England,Premier League,Chelsea,Newcastle,Upcoming,https://www.oddsportal.com/football/h2h/chelsea-4fGZN2oK/newcastle-utd-p6ahwuwJ/#juf03THP,No,No,,,,,,,,,,,,1.67,4.33,4.33,2.1,2.6,4.5,1.95,2.88,4.0,1.02,17.0,1.14,5.5,1.5,2.63,2.3,1.62,4.0,1.25,7.0,1.1,1.5,2.5,3.5,1.29,2.63,1.44,1.3,3.4,1.2,1.2,2.15,1.17,1.5,1.67,1.22,1.37,1.7
25 Oct 2026,01:00,England,Premier League,Arsenal,Everton,Upcoming,https://www.oddsportal.com/football/h2h/arsenal-hA1Zm19f/everton-KluSTr9s/#4OXbaaaf,No,No,,,,,,,,,,,,1.36,4.5,9.0,1.83,2.38,8.0,1.67,2.63,7.0,1.05,11.0,1.29,3.75,1.88,1.98,3.2,1.36,6.0,1.13,13.0,1.04,2.2,1.62,6.0,1.13,4.0,1.22,1.11,6.5,1.07,1.18,3.0,1.06,1.53,1.83,1.1,1.38,2.03
15 Mar 2026,07:00,England,Premier League 2025/2026,West Ham,Manchester City,Upcoming,https://www.oddsportal.com/football/h2h/manchester-city-Wtn9Stg0/west-ham-Cxq57r8g/#Ms9DApPh,No,No,,,,,,,,,,,,4.75,4.33,1.65,4.75,2.5,2.1,4.33,2.75,1.91,1.03,15.0,1.17,5.0,1.57,2.38,2.5,1.53,4.33,1.22,8.0,1.08,1.62,2.2,3.75,1.25,2.75,1.4,3.5,1.29,2.2,1.2,1.18,1.67,1.5,1.17,1.75,1.38,1.19
3 Jan 2027,02:00,England,Premier League,Nottingham,Fulham,Upcoming,https://www.oddsportal.com/football/h2h/fulham-69ZiU2Om/nottingham-UsushcZr/#QLQeh39O,No,No,,,,,,,,,,,,2.3,3.3,3.2,3.0,2.1,3.6,2.63,2.38,3.2,1.06,9.5,1.33,3.4,2.05,1.8,3.5,1.3,7.0,1.1,15.0,1.03,1.8,1.95,4.5,1.18,3.4,1.3,1.62,2.2,1.36,1.33,1.57,1.29,1.67,1.36,1.3,1.51,1.42
25 Oct 2026,01:00,England,Premier League,Liverpool,Brighton,Upcoming,https://www.oddsportal.com/football/h2h/brighton-2XrRecc3/liverpool-lId4TMwf/#bm4x5tgU,No,No,,,,,,,,,,,,3.1,3.6,2.2,3.4,2.4,2.75,3.0,2.63,2.5,1.03,15.0,1.17,5.0,1.57,2.38,2.38,1.57,4.33,1.22,8.0,1.08,1.5,2.5,3.75,1.25,2.63,1.44,2.2,1.62,1.67,1.29,1.36,1.4,1.53,1.3,1.51,1.39,1.33
8 Nov 2026,02:00,England,Premier League,Manchester Utd,Aston Villa,Upcoming,https://www.oddsportal.com/football/h2h/aston-villa-W00wmLO0/manchester-united-ppjDR086/#UgXnfPvC,No,No,,,,,,,,,,,,1.7,4.1,4.5,2.2,2.4,4.75,2.0,2.75,4.0,1.03,15.0,1.2,4.5,1.62,2.3,2.5,1.53,4.5,1.2,8.0,1.08,1.62,2.2,4.0,1.22,3.0,1.36,1.29,3.5,1.18,1.22,2.1,1.17,1.53,1.62,1.21,1.38,1.71
25 Oct 2026,01:00,England,Premier League,Manchester Utd,Bournemouth,Upcoming,https://www.oddsportal.com/football/h2h/bournemouth-OtpNdwrc/manchester-united-ppjDR086/#QZ5U62OH,No,No,,,,,,,,,,,,3.1,3.75,2.15,3.4,2.4,2.63,3.0,2.75,2.4,1.03,15.0,1.17,5.0,1.53,2.5,2.3,1.62,4.0,1.25,7.0,1.1,1.44,2.63,3.5,1.29,2.63,1.44,2.25,1.57,1.67,1.25,1.36,1.44,1.53,1.3,1.51,1.39,1.33
20 Dec 2026,02:00,England,Premier League,Liverpool,Tottenham,Upcoming,https://www.oddsportal.com/football/h2h/liverpool-lId4TMwf/tottenham-UDg08Ohm/#dtZvdoAa,No,No,,,,,,,,,,,,1.3,6.0,8.5,1.67,3.0,7.0,1.57,3.25,6.0,1.01,23.0,1.1,7.0,1.33,3.4,1.88,1.98,3.0,1.4,5.0,1.17,1.62,2.2,3.5,1.29,2.63,1.44,1.1,7.0,1.08,1.13,3.4,1.08,1.36,2.1,1.11,1.28,2.25
17 Mar 2026,07:00,England,Premier League 2025/2026,Brentford,Wolves,Upcoming,https://www.oddsportal.com/football/h2h/brentford-xYe7DwID/wolves-j3Azpf5d/#0jR7cwU6,No,No,,,,,,,,,,,,1.53,4.33,5.75,2.0,2.5,5.5,1.83,2.75,5.0,1.04,13.0,1.22,4.33,1.67,2.2,2.75,1.44,5.0,1.17,10.0,1.06,1.75,2.0,4.33,1.2,3.25,1.33,1.2,4.33,1.14,1.2,2.38,1.13,1.5,1.73,1.16,1.37,1.85
6 Sep 2026,00:00,England,Premier League,Nottingham,Tottenham,Upcoming,https://www.oddsportal.com/football/h2h/nottingham-UsushcZr/tottenham-UDg08Ohm/#n5KMyNNi,No,No,,,,,,,,,,,,2.35,3.4,3.0,3.0,2.1,3.6,2.63,2.38,3.2,1.07,9.0,1.33,3.4,2.1,1.73,3.75,1.29,7.0,1.1,15.0,1.03,1.8,1.95,5.0,1.17,3.5,1.29,1.62,2.2,1.36,1.3,1.57,1.29,1.67,1.36,1.3,1.51,1.42
6 Dec 2026,02:00,England,Premier League,Newcastle,Sunderland,Upcoming,https://www.oddsportal.com/football/h2h/newcastle-utd-p6ahwuwJ/sunderland-WSzc94ws/#fBXzEJVp,No,No,,,,,,,,,,,,1.55,4.2,5.75,2.05,2.4,5.5,1.83,2.75,5.0,1.04,13.0,1.22,4.33,1.67,2.2,2.75,1.44,5.0,1.17,10.0,1.06,1.75,2.0,4.33,1.2,3.25,1.33,1.2,4.33,1.14,1.22,2.38,1.13,1.53,1.73,1.16,1.39,1.84
22 Mar 2026,02:00,England,Premier League 2025/2026,Fulham,Burnley,Upcoming,https://www.oddsportal.com/football/h2h/burnley-z3dmTMMO/fulham-69ZiU2Om/#8EamNN8b,No,No,,,,,,,,,,,,1.55,4.33,5.75,2.05,2.4,5.5,1.83,2.75,5.0,1.04,13.0,1.2,4.5,1.67,2.2,2.63,1.5,4.5,1.2,10.0,1.06,1.75,2.0,4.33,1.2,3.25,1.33,1.18,4.5,1.14,1.2,2.38,1.13,1.5,1.73,1.15,1.38,1.85
30 Aug 2026,23:00,England,Premier League,Leeds,Brentford,Upcoming,https://www.oddsportal.com/football/h2h/brentford-xYe7DwID/leeds-tUxUbLR2/#UTmdL1wB,No,No,,,,,,,,,,,,2.38,3.5,3.0,3.0,2.2,3.5,2.63,2.5,3.0,1.05,11.0,1.29,3.75,1.91,1.91,3.4,1.33,6.0,1.13,13.0,1.04,1.7,2.05,4.33,1.2,3.25,1.33,1.67,2.1,1.36,1.29,1.53,1.29,1.62,1.36,1.33,1.47,1.42
18 Oct 2026,01:00,England,Premier League,Everton,Chelsea,Upcoming,https://www.oddsportal.com/football/h2h/chelsea-4fGZN2oK/everton-KluSTr9s/#0lduPqvn,No,No,,,,,,,,,,,,3.2,3.4,2.25,3.6,2.2,2.88,3.1,2.5,2.6,1.05,11.0,1.25,4.0,1.8,2.0,3.0,1.4,5.5,1.14,11.0,1.05,1.67,2.1,4.33,1.2,3.25,1.33,2.2,1.62,1.62,1.3,1.36,1.4,1.62,1.29,1.46,1.45,1.31
23 Mar 2026,01:15,England,Premier League 2025/2026,Aston Villa,West Ham,Upcoming,https://www.oddsportal.com/football/h2h/aston-villa-W00wmLO0/west-ham-Cxq57r8g/#U7CL8Og5,No,No,,,,,,,,,,,,1.75,3.8,4.5,2.3,2.38,4.5,2.05,2.6,4.0,1.04,13.0,1.22,4.33,1.73,2.1,2.75,1.44,5.0,1.17,10.0,1.06,1.67,2.1,4.33,1.2,3.25,1.33,1.3,3.4,1.18,1.25,2.0,1.17,1.53,1.57,1.21,1.41,1.67
,,,,,,,https://www.oddsportal.com/football/h2h/fulham-69ZiU2Om/liverpool-lId4TMwf/#jJ4pUVLr,,,,,,,,,,,,,,,,,,,,,,,,,,,,,,,,,,,,,,,,,,,,,,,,,,,
,,,,,,,https://www.oddsportal.com/football/h2h/sunderland-WSzc94ws/tottenham-UDg08Ohm/#pxlmliDE,,,,,,,,,,,,,,,,,,,,,,,,,,,,,,,,,,,,,,,,,,,,,,,,,,,
,,,,,,,https://www.oddsportal.com/football/h2h/crystal-palace-AovF1Mia/newcastle-utd-p6ahwuwJ/#WYNDZibL,,,,,,,,,,,,,,,,,,,,,,,,,,,,,,,,,,,,,,,,,,,,,,,,,,,
,,,,,,,https://www.oddsportal.com/football/h2h/aston-villa-W00wmLO0/nottingham-UsushcZr/#IVe1QmL7,,,,,,,,,,,,,,,,,,,,,,,,,,,,,,,,,,,,,,,,,,,,,,,,,,,
,,,,,,,https://www.oddsportal.com/football/h2h/chelsea-4fGZN2oK/manchester-city-Wtn9Stg0/#bLP5yET8,,,,,,,,,,,,,,,,,,,,,,,,,,,,,,,,,,,,,,,,,,,,,,,,,,,
,,,,,,,https://www.oddsportal.com/football/h2h/bournemouth-OtpNdwrc/newcastle-utd-p6ahwuwJ/#QVFIk4lJ,,,,,,,,,,,,,,,,,,,,,,,,,,,,,,,,,,,,,,,,,,,,,,,,,,,
,,,,,,,https://www.oddsportal.com/football/h2h/brighton-2XrRecc3/tottenham-UDg08Ohm/#xAqy8o4m,,,,,,,,,,,,,,,,,,,,,,,,,,,,,,,,,,,,,,,,,,,,,,,,,,,
,,,,,,,https://www.oddsportal.com/football/h2h/brentford-xYe7DwID/fulham-69ZiU2Om/#dxqTvmz1,,,,,,,,,,,,,,,,,,,,,,,,,,,,,,,,,,,,,,,,,,,,,,,,,,,
,,,,,,,https://www.oddsportal.com/football/h2h/everton-KluSTr9s/liverpool-lId4TMwf/#GtGge8Ks,,,,,,,,,,,,,,,,,,,,,,,,,,,,,,,,,,,,,,,,,,,,,,,,,,,
,,,,,,,https://www.oddsportal.com/football/h2h/leeds-tUxUbLR2/manchester-united-ppjDR086/#dG7hS9je,,,,,,,,,,,,,,,,,,,,,,,,,,,,,,,,,,,,,,,,,,,,,,,,,,,
,,,,,,,https://www.oddsportal.com/football/h2h/leeds-tUxUbLR2/wolves-j3Azpf5d/#djO1gnkf,,,,,,,,,,,,,,,,,,,,,,,,,,,,,,,,,,,,,,,,,,,,,,,,,,,
21 Apr 2026,05:00,England,Premier League 2025/2026,Crystal Palace,West Ham,Upcoming,https://www.oddsportal.com/football/h2h/crystal-palace-AovF1Mia/west-ham-Cxq57r8g/#pbPN0UdK,No,No,,,,,,,,,,,,2.63,3.25,2.7,3.2,2.2,3.2,2.75,2.5,2.88,1.05,11.0,1.25,4.0,1.85,2.0,3.0,1.4,5.5,1.14,11.0,1.05,1.62,2.2,4.33,1.2,3.0,1.36,1.83,1.83,1.44,1.33,1.44,1.36,1.62,1.36,1.36,1.46,1.39
17 Aug 2026,00:00,England,FA Community Shield,Arsenal,Manchester City,Upcoming,https://www.oddsportal.com/football/h2h/arsenal-hA1Zm19f/manchester-city-Wtn9Stg0/#U3M9iQJ6,No,No,,,,,,,,,,,,1.85,3.7,4.1,2.4,2.25,4.5,2.2,2.5,4.0,1.05,11.0,1.29,3.75,1.93,1.93,3.4,1.33,6.0,1.13,13.0,1.04,1.8,1.95,4.5,1.18,3.4,1.3,1.36,3.0,1.22,1.29,1.91,1.17,1.57,1.53,1.21,1.48,1.57
22 Nov 2026,02:00,England,Premier League,Aston Villa,Sunderland,Upcoming,https://www.oddsportal.com/football/h2h/aston-villa-W00wmLO0/sunderland-WSzc94ws/#xzTRt95l,No,No,,,,,,,,,,,,1.75,3.6,5.0,2.3,2.25,5.0,2.05,2.5,4.33,1.06,10.0,1.3,3.5,1.98,1.88,3.4,1.33,6.5,1.11,13.0,1.04,1.8,1.95,5.0,1.17,3.5,1.29,1.29,3.5,1.17,1.29,2.0,1.14,1.57,1.57,1.19,1.46,1.64
19 Apr 2026,23:00,England,Premier League 2025/2026,Nottingham,Burnley,Upcoming,https://www.oddsportal.com/football/h2h/burnley-z3dmTMMO/nottingham-UsushcZr/#hx84D7tQ,No,No,,,,,,,,,,,,1.45,4.5,7.0,1.95,2.5,6.5,1.73,2.75,5.5,1.04,13.0,1.22,4.33,1.73,2.1,2.75,1.44,5.0,1.17,10.0,1.06,1.91,1.91,4.5,1.18,3.5,1.29,1.14,5.5,1.1,1.18,2.63,1.11,1.5,1.8,1.13,1.37,1.93
1 Nov 2026,02:00,England,Premier League,Chelsea,Manchester Utd,Upcoming,https://www.oddsportal.com/football/h2h/chelsea-4fGZN2oK/manchester-united-ppjDR086/#42nywR4D,No,No,,,,,,,,,,,,2.05,3.8,3.2,2.6,2.5,3.5,2.38,2.75,3.1,1.02,17.0,1.14,5.5,1.5,2.63,2.2,1.67,4.0,1.25,6.5,1.11,1.44,2.63,3.5,1.29,2.5,1.5,1.53,2.38,1.36,1.25,1.73,1.29,1.5,1.5,1.31,1.38,1.53
30 Aug 2026,23:00,England,Premier League,Chelsea,Brighton,Upcoming,https://www.oddsportal.com/football/h2h/brighton-2XrRecc3/chelsea-4fGZN2oK/#jubPoemo,No,No,,,,,,,,,,,,2.25,3.6,3.0,2.88,2.2,3.6,2.6,2.5,3.2,,,,,,,,,,,,,,,,,,,,,1.36,1.29,1.62,1.29,1.62,1.4,1.3,1.48,1.44
10 Mar 2017,04:00,Czech Republic,2. Liga - Central 2016/2017,Moravske Budejovice,Decin,Upcoming,https://www.oddsportal.com/football/h2h/leeds-0j2eUlMC/west-ham-EXCPojim/#Aonqhgqt,No,No,,,,,,,,,,,,,,,,,,,,,,,,,,,,,,,,,,,,,,,,,,,,,,,,,
1 Nov 2026,02:00,England,Premier League,Bournemouth,Leeds,Upcoming,https://www.oddsportal.com/football/h2h/bournemouth-OtpNdwrc/leeds-tUxUbLR2/#Khyh433C,No,No,,,,,,,,,,,,,,,,,,,,,,,,,,,,,,,,,,,,,,,,,,,,,,,,,
13 Dec 2026,02:00,England,Premier League,Sunderland,Nottingham,Upcoming,https://www.oddsportal.com/football/h2h/nottingham-UsushcZr/sunderland-WSzc94ws/#0AH7bYWj,No,No,,,,,,,,,,,,2.63,3.1,2.8,,,,,,,,,,,,,,,,,,,,,,,,,,,,,,,,,,,
1 Nov 2026,02:00,England,Premier League,Aston Villa,Fulham,Upcoming,https://www.oddsportal.com/football/h2h/aston-villa-W00wmLO0/fulham-69ZiU2Om/#CpqK7xA4,No,No,,,,,,,,,,,,,,,,,,,,,,,,,,,,,,,,,,,,,,,,,,,,,,,,,
23 Apr 2026,05:00,England,Premier League 2025/2026,Burnley,Manchester City,Upcoming,https://www.oddsportal.com/football/h2h/burnley-z3dmTMMO/manchester-city-Wtn9Stg0/#6mtC9buh,No,No,,,,,,,,,,,,15.0,8.5,1.14,,,,,,,,,,,,,,,,,,,,,,,,,,,,,,,,,,,
29 Nov 2026,02:00,England,Premier League,Manchester Utd,Brentford,Upcoming,https://www.oddsportal.com/football/h2h/brentford-xYe7DwID/manchester-united-ppjDR086/#tQzy4f9T,No,No,,,,,,,,,,,,,,,,,,,,,,,,,,,,,,,,,,,,,,,,,,,,,,,,,
8 Nov 2026,02:00,England,Premier League,Crystal Palace,Liverpool,Upcoming,https://www.oddsportal.com/football/h2h/crystal-palace-AovF1Mia/liverpool-lId4TMwf/#YaXS5GvH,No,No,,,,,,,,,,,,,,,,,,,,,,,,,,,,,,,,,,,,,,,,,,,,,,,,,
22 Nov 2026,02:00,England,Premier League,Newcastle,Arsenal,Upcoming,https://www.oddsportal.com/football/h2h/arsenal-hA1Zm19f/newcastle-utd-p6ahwuwJ/#OQsq6PYa,No,No,,,,,,,,,,,,,,,,,,,,,,,,,,,,,,,,,,,,,,,,,,,,,,,,,
26 Apr 2026,00:00,England,Premier League 2025/2026,Wolves,Tottenham,Upcoming,https://www.oddsportal.com/football/h2h/tottenham-UDg08Ohm/wolves-j3Azpf5d/#bHZgKFgA,No,No,,,,,,,,,,,,,,,,,,,,,,,,,,,,,,,,,,,,,,,,,,,,,,,,,
26 Apr 2026,00:00,England,Premier League 2025/2026,West Ham,Everton,Upcoming,https://www.oddsportal.com/football/h2h/everton-KluSTr9s/west-ham-Cxq57r8g/#h44gMyPc,No,No,,,,,,,,,,,,,,,,,,,,,,,,,,,,,,,,,,,,,,,,,,,,,,,,,
29 Nov 2026,02:00,England,Premier League,Brighton,Newcastle,Upcoming,https://www.oddsportal.com/football/h2h/brighton-2XrRecc3/newcastle-utd-p6ahwuwJ/#tO58V0J8,No,No,,,,,,,,,,,,,,,,,,,,,,,,,,,,,,,,,,,,,,,,,,,,,,,,,
2 May 2026,05:00,England,Premier League 2025/2026,Leeds,Burnley,Upcoming,https://www.oddsportal.com/football/h2h/burnley-z3dmTMMO/leeds-tUxUbLR2/#EBUD9Jdk,No,No,,,,,,,,,,,,,,,,,,,,,,,,,,,,,,,,,,,,,,,,,,,,,,,,,
3 May 2026,00:00,England,Premier League 2025/2026,Wolves,Sunderland,Upcoming,https://www.oddsportal.com/football/h2h/sunderland-WSzc94ws/wolves-j3Azpf5d/#xjaHTvlL,No,No,,,,,,,,,,,,,,,,,,,,,,,,,,,,,,,,,,,,,,,,,,,,,,,,,
3 May 2026,00:00,England,Premier League 2025/2026,Brentford,West Ham,Upcoming,https://www.oddsportal.com/football/h2h/brentford-xYe7DwID/west-ham-Cxq57r8g/#EmnRINZ2,No,No,,,,,,,,,,,,,,,,,,,,,,,,,,,,,,,,,,,,,,,,,,,,,,,,,
31 Dec 2026,07:00,England,Premier League,Fulham,Arsenal,Upcoming,https://www.oddsportal.com/football/h2h/arsenal-hA1Zm19f/fulham-69ZiU2Om/#6sw2IgOM,No,No,,,,,,,,,,,,,,,,,,,,,,,,,,,,,,,,,,,,,,,,,,,,,,,,,
31 Dec 2026,07:00,England,Premier League,Crystal Palace,Bournemouth,Upcoming,https://www.oddsportal.com/football/h2h/bournemouth-OtpNdwrc/crystal-palace-AovF1Mia/#buItBBGd,No,No,,,,,,,,,,,,,,,,,,,,,,,,,,,,,,,,,,,,,,,,,,,,,,,,,
22 Nov 2026,02:00,England,Premier League,Liverpool,Manchester Utd,Upcoming,https://www.oddsportal.com/football/h2h/liverpool-lId4TMwf/manchester-united-ppjDR086/#zRIM7cR1,No,No,,,,,,,,,,,,,,,,,,,,,,,,,,,,,,,,,,,,,,,,,,,,,,,,,
19 Sep 2026,21:30,England,Premier League,Tottenham,Aston Villa,Upcoming,https://www.oddsportal.com/football/h2h/aston-villa-W00wmLO0/tottenham-UDg08Ohm/#jFEYCXop,No,No,,,,,,,,,,,,,,,,,,,,,,,,,,,,,,,,,,,,,,,,,,,,,,,,,
31 Dec 2026,07:00,England,Premier League,Everton,Manchester City,Upcoming,https://www.oddsportal.com/football/h2h/everton-KluSTr9s/manchester-city-Wtn9Stg0/#rTwrFuZR,No,No,,,,,,,,,,,,,,,,,,,,,,,,,,,,,,,,,,,,,,,,,,,,,,,,,
29 Nov 2026,02:00,England,Premier League,Nottingham,Chelsea,Upcoming,https://www.oddsportal.com/football/h2h/chelsea-4fGZN2oK/nottingham-UsushcZr/#n1pZG14F,No,No,,,,,,,,,,,,,,,,,,,,,,,,,,,,,,,,,,,,,,,,,,,,,,,,,
6 Dec 2026,02:00,England,Premier League,Chelsea,Liverpool,Upcoming,https://www.oddsportal.com/football/h2h/chelsea-4fGZN2oK/liverpool-lId4TMwf/#8j1NPVnm,No,No,,,,,,,,,,,,,,,,,,,,,,,,,,,,,,,,,,,,,,,,,,,,,,,,,
6 Dec 2026,02:00,England,Premier League,Brentford,Manchester City,Upcoming,https://www.oddsportal.com/football/h2h/brentford-xYe7DwID/manchester-city-Wtn9Stg0/#4IfWN9Ha,No,No,,,,,,,,,,,,,,,,,,,,,,,,,,,,,,,,,,,,,,,,,,,,,,,,,
31 Dec 2026,07:00,England,Premier League,Manchester Utd,Sunderland,Upcoming,https://www.oddsportal.com/football/h2h/manchester-united-ppjDR086/sunderland-WSzc94ws/#dY8uKRGO,No,No,,,,,,,,,,,,,,,,,,5.3,3.7,1.81,,,,,,,,,,,,,,,,,,,,,,,,,,,,,
10 May 2026,00:00,England,Premier League 2025/2026,Brighton,Wolves,Upcoming,https://www.oddsportal.com/football/h2h/brighton-2XrRecc3/wolves-j3Azpf5d/#YLpmOIBr,No,No,,,,,,,,,,,,,,,,,,,,,,,,,,,,,,,,,,,,,,,,,,,,,,,,,
29 Nov 2026,02:00,England,Premier League,Fulham,Bournemouth,Upcoming,https://www.oddsportal.com/football/h2h/bournemouth-OtpNdwrc/fulham-69ZiU2Om/#2iZkrv3E,No,No,,,,,,,,,,,,,,,,,,,,,,,,,,,,,,,,,,,,,,,,,,,,,,,,,
31 Dec 2026,07:00,England,Premier League,Newcastle,Nottingham,Upcoming,https://www.oddsportal.com/football/h2h/newcastle-utd-p6ahwuwJ/nottingham-UsushcZr/#xWhvMmnC,No,No,,,,,,,,,,,,,,,,,,,,,,,,,,,,,,,,,,,,,,,,,,,,,,,,,
23 Aug 2026,00:00,England,Premier League,Everton,Crystal Palace,Upcoming,https://www.oddsportal.com/football/h2h/crystal-palace-AovF1Mia/everton-KluSTr9s/#Med3KzB7,No,No,,,,,,,,,,,,,,,,,,,,,,,,,,,,,,,,,,,,,,,,,,,,,,,,,
8 Nov 2026,02:00,England,Premier League,Leeds,Tottenham,Upcoming,https://www.oddsportal.com/football/h2h/leeds-tUxUbLR2/tottenham-UDg08Ohm/#nclkvV1t,No,No,,,,,,,,,,,,,,,2.38,2.3,4.5,2.1,2.5,4.0,,,,,,,,,,,,,,,,,,,,,,,,,,,,,
10 May 2026,23:00,England,Premier League 2025/2026,Burnley,Aston Villa,Upcoming,https://www.oddsportal.com/football/h2h/aston-villa-W00wmLO0/burnley-z3dmTMMO/#UmvdMdte,No,No,,,,,,,,,,,,,,,,,,,,,,,,,,,,,,,,,,,,,,,,,,,,,,,,,
11 May 2026,01:30,England,Premier League 2025/2026,West Ham,Arsenal,Upcoming,https://www.oddsportal.com/football/h2h/arsenal-hA1Zm19f/west-ham-Cxq57r8g/#8Cxbx9Wh,No,No,,,,,,,,,,,,,,,,,,,,,,,,,,,,,,,,,,,,,,,,,,,,,,,,,
27 Dec 2026,02:00,England,Premier League,Everton,Sunderland,Upcoming,https://www.oddsportal.com/football/h2h/everton-KluSTr9s/sunderland-WSzc94ws/#jeflmQpB,No,No,,,,,,,,,,,,,,,,,,,,,,,,,,,,,,,,,,,,,3.4,1.3,,,,,,,,,,,
29 Aug 2026,05:00,England,Premier League,Crystal Palace,Manchester City,Upcoming,https://www.oddsportal.com/football/h2h/crystal-palace-AovF1Mia/manchester-city-Wtn9Stg0/#xfi4Ju8N,No,No,,,,,,,,,,,,,,,,,,,,,,,,,,,,,,,,,,,,,,,,,,,,,,,,,
18 May 2026,00:00,England,Premier League 2025/2026,Wolves,Fulham,Upcoming,https://www.oddsportal.com/football/h2h/fulham-69ZiU2Om/wolves-j3Azpf5d/#WSUM1Pa4,No,No,,,,,,,,,,,,,,,,,,,,,,,,,,,,,,,,,,,,,,,,,,,,,,,,,
31 Dec 2026,07:00,England,Premier League,Aston Villa,Liverpool,Upcoming,https://www.oddsportal.com/football/h2h/aston-villa-W00wmLO0/liverpool-lId4TMwf/#AyZEYQVH,No,No,,,,,,,,,,,,,,,,,,,,,,,,,,,,,,,,,,,,,,,,,,,,,,,,,
27 Dec 2026,02:00,England,Premier League,Manchester Utd,Nottingham,Upcoming,https://www.oddsportal.com/football/h2h/manchester-united-ppjDR086/nottingham-UsushcZr/#r7lSurwo,No,No,,,,,,,,,,,,,,,,,,,,,,,,,,,,,,,,,,,,,,,,,,,,,,,,,
18 May 2026,02:30,England,Premier League 2025/2026,Newcastle,West Ham,Upcoming,https://www.oddsportal.com/football/h2h/newcastle-utd-p6ahwuwJ/west-ham-Cxq57r8g/#z1yE3oVi,No,No,,,,,,,,,,,,,,,,,,,,,,,,,,,,,,,,,,,,,,,,,,,,,,,,,
3 Jan 2027,02:00,England,Premier League,Brentford,Crystal Palace,Upcoming,https://www.oddsportal.com/football/h2h/brentford-xYe7DwID/crystal-palace-AovF1Mia/#MF2Xj8on,No,No,,,,,,,,,,,,,,,,,,,,,,,,,,,,,,,,,,,,,,,,,,,,,,,,,
6 Sep 2026,00:00,England,Premier League,Brighton,Leeds,Upcoming,https://www.oddsportal.com/football/h2h/brighton-2XrRecc3/leeds-tUxUbLR2/#OM7eo4FN,No,No,,,,,,,,,,,,,,,,,,,,,,,,,,,,,,,,,,,,,,,,,,,,,,,,,
23 Aug 2026,23:00,England,Premier League,Manchester City,Bournemouth,Upcoming,https://www.oddsportal.com/football/h2h/bournemouth-OtpNdwrc/manchester-city-Wtn9Stg0/#rkXMW40U,No,No,,,,,,,,,,,,,,,,,,,,,,,,,,,,,,,,,,,,,,,,,,,,,,,,,
19 May 2026,05:00,England,Premier League 2025/2026,Arsenal,Burnley,Upcoming,https://www.oddsportal.com/football/h2h/arsenal-hA1Zm19f/burnley-z3dmTMMO/#Gxt6zm15,No,No,,,,,,,,,,,,,,,,,,,,,,,,,,,,,,,,,,,,,,,,,,,,,,,,,
,,,,,,,https://www.oddsportal.com/football/h2h/burnley-z3dmTMMO/wolves-j3Azpf5d/#buMwbsaT,,,,,,,,,,,,,,,,,,,,,,,,,,,,,,,,,,,,,,,,,,,,,,,,,,,
,,,,,,,https://www.oddsportal.com/football/h2h/brighton-2XrRecc3/manchester-united-ppjDR086/#xQXUa3UG,,,,,,,,,,,,,,,,,,,,,,,,,,,,,,,,,,,,,,,,,,,,,,,,,,,
,,,,,,,https://www.oddsportal.com/football/h2h/brentford-xYe7DwID/liverpool-lId4TMwf/#Iqg4E2qA,,,,,,,,,,,,,,,,,,,,,,,,,,,,,,,,,,,,,,,,,,,,,,,,,,,
,,,,,,,https://www.oddsportal.com/football/h2h/bournemouth-OtpNdwrc/nottingham-UsushcZr/#roywfYce,,,,,,,,,,,,,,,,,,,,,,,,,,,,,,,,,,,,,,,,,,,,,,,,,,,
,,,,,,,https://www.oddsportal.com/football/h2h/aston-villa-W00wmLO0/manchester-city-Wtn9Stg0/#zLXUefTr,,,,,,,,,,,,,,,,,,,,,,,,,,,,,,,,,,,,,,,,,,,,,,,,,,,
,,,,,,,https://www.oddsportal.com/football/h2h/arsenal-hA1Zm19f/crystal-palace-AovF1Mia/#UNC9hLMj,,,,,,,,,,,,,,,,,,,,,,,,,,,,,,,,,,,,,,,,,,,,,,,,,,,
